Accession ID,Date,E_gene,M_gene,S_gene,N_gene,orf1ab,ORF3a,ORF6,ORF7,ORF8,ORF10,S_gene_translation,ORF7_translation,ORF3a_translation,orf1ab_translation,ORF6_translation,M_gene_translation,ORF8_translation,N_gene_translation,ORF10_translation,E_gene_translation,whole_genome
EPI_ISL_408670,2020-01-31,0,0,0,0,4,0,0,0,0,0,0,0,0,3,0,0,0,0,0,0,25
EPI_ISL_408665,2020-01-29,0,0,0,1,3,0,0,0,1,0,0,0,0,2,0,0,1,0,0,0,30
EPI_ISL_408667,2020-01-31,0,0,0,1,2,0,0,0,1,0,0,0,0,1,0,0,1,0,0,0,30
EPI_ISL_408666,2020-01-31,0,0,0,1,2,0,0,0,1,0,0,0,0,1,0,0,1,0,0,0,29
EPI_ISL_408669,2020-01-29,0,0,0,1,2,1,0,0,0,0,0,0,1,2,0,0,0,1,0,0,29
EPI_ISL_408668,2020-01-24,0,1,1,0,1,0,0,0,2,0,0,0,0,0,0,0,2,0,0,0,23
EPI_ISL_410532,2020-01-23,0,0,0,0,0,0,0,0,0,0,0,0,0,0,0,0,0,0,0,0,25
EPI_ISL_410531,2020-01-25,0,0,0,0,0,0,0,0,0,0,0,0,0,0,0,0,0,0,0,0,25
EPI_ISL_406034,2020-01-23,0,1,1,1,2,0,0,0,2,0,0,0,0,1,0,0,2,0,0,0,28
EPI_ISL_406036,2020-01-22,0,0,0,0,1,1,0,0,0,0,0,0,1,1,0,0,0,0,0,0,22
EPI_ISL_406030,2020-01-10,0,0,0,1,1,0,0,0,1,0,0,0,0,0,0,0,1,0,0,0,68
EPI_ISL_406031,2020-01-23,0,0,0,0,1,2,0,0,0,0,0,0,2,1,0,0,0,0,0,0,29
EPI_ISL_417186,2020-03-21,0,0,2,0,3,0,0,0,0,0,1,0,0,1,0,0,0,0,0,0,6
EPI_ISL_410546,2020-01-31,0,0,0,0,1,1,0,0,0,0,0,0,1,1,0,0,0,0,0,0,120
EPI_ISL_410545,2020-01-29,0,0,0,0,2,1,0,0,0,0,0,0,1,1,0,0,0,0,0,0,39
EPI_ISL_410539,2017,6,57,630,109,3199,106,16,49,68,7,120,15,32,1392,3,6,19,26,7,0,4356
EPI_ISL_410538,2017,6,58,627,110,3196,108,16,49,67,13,120,15,34,1390,3,6,18,27,11,0,4351
EPI_ISL_410537,2020-02-09,0,1,0,0,0,0,0,0,0,0,0,0,0,0,0,1,0,0,0,0,75
EPI_ISL_410536,2020-02-06,0,0,0,0,1,1,0,0,0,0,0,0,1,0,0,0,0,0,0,0,62
EPI_ISL_410535,2020-02-03,0,0,0,1,1,0,0,0,1,0,0,0,0,0,0,0,1,1,0,0,497
EPI_ISL_410540,2017,6,58,628,110,3200,107,16,49,67,0,119,15,33,1393,3,6,18,27,0,0,4349
EPI_ISL_413600,2020-03-03,0,0,0,1,4,0,0,0,0,0,0,0,0,2,0,0,0,0,0,0,499
EPI_ISL_416691,2020-03-13,0,0,1,0,4,1,0,0,0,0,1,0,1,2,0,0,0,0,0,0,78
EPI_ISL_416693,2020-03-12,0,0,2,0,3,1,0,0,0,0,2,0,1,1,0,0,0,0,0,0,118
EPI_ISL_416696,2020-03-13,0,0,1,1,2,0,0,0,1,0,0,0,0,1,0,0,1,1,0,0,55
EPI_ISL_416697,2020-03-13,0,0,1,3,2,0,0,0,0,0,1,0,0,0,0,0,0,2,0,0,129
EPI_ISL_414020,2020-02-27,0,0,1,0,3,0,0,0,0,0,1,0,0,1,0,0,0,0,0,0,43
EPI_ISL_414022,2020-02-27,0,0,1,3,3,0,0,0,0,0,1,0,0,1,0,0,0,2,0,0,41
EPI_ISL_414021,2020-02-27,0,0,1,3,3,0,0,0,0,0,1,0,0,1,0,0,0,2,0,0,21
EPI_ISL_414023,2020-03-01,0,0,1,3,3,0,0,0,0,0,1,0,0,1,0,0,0,2,0,0,20
EPI_ISL_416688,2020-03-14,0,0,0,0,4,0,0,0,1,0,0,0,0,2,0,0,1,0,0,0,118
EPI_ISL_416685,2020-03-15,0,0,0,0,4,0,0,0,1,0,0,0,0,2,0,0,1,0,0,0,68
EPI_ISL_416686,2020-03-14,0,0,0,0,6,0,1,0,1,0,0,0,0,3,1,0,1,0,0,0,123
EPI_ISL_416689,2020-03-14,0,0,0,0,8,0,0,0,1,0,0,0,0,4,0,0,1,0,0,0,77
EPI_ISL_404228,2020-01-17,0,0,0,0,0,0,0,0,0,0,0,0,0,0,0,0,0,0,0,0,44
EPI_ISL_404227,2020-01-16,0,0,0,0,1,0,0,0,0,0,0,0,0,0,0,0,0,0,0,0,66
EPI_ISL_414045,2020-03-04,0,0,1,0,3,0,0,0,0,0,1,0,0,1,0,0,0,0,0,0,140
EPI_ISL_407313,2020-01-19,0,0,0,0,0,0,0,0,0,0,0,0,0,0,0,0,0,0,0,0,67
EPI_ISL_413580,2020-03-02,0,0,0,0,3,0,0,0,0,0,0,0,0,1,0,0,0,0,0,0,120
EPI_ISL_413582,2020-03-01,0,0,0,0,4,0,0,0,0,0,0,0,0,2,0,0,0,0,0,0,121
EPI_ISL_413583,2020-03-02,0,0,0,0,4,0,0,0,0,0,0,0,0,1,0,0,0,0,0,0,121
EPI_ISL_416610,2020-02-17,0,0,0,0,1,0,0,0,0,1,0,0,0,1,0,0,0,0,1,0,72
EPI_ISL_413584,2020-03-03,0,1,1,3,2,0,0,0,0,0,1,0,0,0,0,1,0,2,0,0,125
EPI_ISL_416611,2020-02-17,0,0,0,0,1,0,0,0,0,0,0,0,0,1,0,0,0,0,0,0,138
EPI_ISL_414433,2020-03-03,0,1,1,3,2,0,0,0,0,0,1,0,0,0,0,1,0,2,0,0,125
EPI_ISL_414435,2020-03-03,0,1,1,3,3,0,0,0,0,0,1,0,0,0,0,1,0,2,0,0,126
EPI_ISL_413587,2020-03-03,0,0,1,3,2,0,0,0,0,0,1,0,0,0,0,0,0,2,0,0,124
EPI_ISL_416614,2020-02-17,0,0,0,0,2,0,0,0,0,0,0,0,0,2,0,0,0,0,0,0,72
EPI_ISL_413589,2020-03-01,0,0,1,0,5,1,0,0,0,0,1,0,1,3,0,0,0,0,0,0,125
EPI_ISL_416612,2020-02-17,0,0,0,0,1,0,1,0,0,0,0,0,0,1,1,0,0,0,0,0,66
EPI_ISL_416613,2020-02-17,0,0,1,1,3,0,0,0,0,1,1,0,0,3,0,0,0,1,1,0,143
EPI_ISL_414428,2020-03-02,0,0,1,0,3,0,0,0,0,0,1,0,0,0,0,0,0,0,0,0,122
EPI_ISL_416607,2020-02-17,0,0,0,0,2,0,0,0,0,0,0,0,0,2,0,0,0,0,0,0,74
EPI_ISL_416608,2020-02-17,0,0,0,0,2,0,0,0,0,0,0,0,0,2,0,0,0,0,0,0,139
EPI_ISL_416605,2020-02-16,0,0,0,0,3,1,0,0,0,0,0,0,1,2,0,0,0,0,0,0,140
EPI_ISL_414429,2020-03-02,0,1,1,4,2,0,0,0,0,0,1,0,0,0,0,1,0,3,0,0,126
EPI_ISL_416606,2020-02-16,0,0,0,0,1,0,0,0,0,0,0,0,0,1,0,0,0,0,0,0,71
EPI_ISL_416609,2020-02-17,0,0,0,0,1,0,0,0,0,0,0,0,0,1,0,0,0,0,0,0,117
EPI_ISL_413572,2020-03-01,0,0,1,0,4,1,0,0,0,0,1,0,1,1,0,0,0,0,0,0,124
EPI_ISL_413573,2020-03-02,0,0,0,0,5,0,0,0,0,0,0,0,0,1,0,0,0,0,0,0,122
EPI_ISL_416600,2020-02-16,0,0,0,0,1,0,0,0,0,0,0,0,0,1,0,0,0,0,0,0,138
EPI_ISL_416603,2020-02-16,0,0,0,0,2,0,0,0,0,1,0,0,0,2,0,0,0,0,1,0,75
EPI_ISL_414423,2020-03-02,0,1,1,3,2,0,0,0,0,0,1,0,0,0,0,1,0,2,0,0,125
EPI_ISL_413577,2020-03-02,0,0,0,0,4,0,0,0,0,0,0,0,0,1,0,0,0,0,0,0,121
EPI_ISL_416604,2020-02-16,0,0,1,0,1,0,0,0,0,2,1,0,0,1,0,0,0,0,2,0,140
EPI_ISL_416601,2020-02-16,0,0,2,0,2,0,0,0,0,0,1,0,0,2,0,0,0,0,0,0,75
EPI_ISL_413579,2020-03-03,0,0,1,3,2,0,0,0,0,0,1,0,0,0,0,0,0,2,0,0,124
EPI_ISL_406800,2020-01-01,0,0,0,0,0,0,0,0,0,0,0,0,0,0,0,0,0,0,0,0,35
EPI_ISL_406801,2020-01-05,0,0,0,0,1,0,0,0,1,0,0,0,0,0,0,0,1,0,0,0,33
EPI_ISL_414451,2020-03-06,0,0,1,0,3,1,0,0,0,0,0,0,1,3,0,0,0,0,0,0,122
EPI_ISL_416632,2020-02-17,0,0,0,0,1,0,0,0,0,0,0,0,0,1,0,0,0,0,0,0,70
EPI_ISL_414452,2020-03-06,0,0,0,1,5,0,0,0,0,0,0,0,0,2,0,0,0,1,0,0,123
EPI_ISL_416633,2020-02-17,0,0,0,0,1,0,0,0,0,0,0,0,0,1,0,0,0,0,0,0,119
EPI_ISL_416630,2020-02-17,0,0,0,0,2,0,0,0,0,0,0,0,0,1,0,0,0,0,0,0,137
EPI_ISL_416631,2020-02-17,0,0,0,0,1,0,0,0,0,0,0,0,0,1,0,0,0,0,0,0,78
EPI_ISL_414457,2020-03-06,0,0,1,1,3,0,0,0,0,0,1,0,0,1,0,0,0,1,0,0,123
EPI_ISL_415787,2020-03-10,0,0,2,3,3,0,0,0,0,0,1,0,0,1,0,0,0,2,0,0,56
EPI_ISL_416634,2020-02-17,0,0,0,0,1,0,0,0,0,0,0,0,0,1,0,0,0,0,0,0,71
EPI_ISL_416629,2020-02-17,0,0,0,0,1,0,0,0,0,0,0,0,0,1,0,0,0,0,0,0,72
EPI_ISL_416627,2020-02-17,0,0,0,0,1,0,0,0,0,0,0,0,0,1,0,0,0,0,0,0,138
EPI_ISL_416628,2020-02-17,0,0,0,0,1,0,0,0,0,0,0,0,0,1,0,0,0,0,0,0,92
EPI_ISL_413590,2020-03-02,0,0,0,0,3,0,0,0,0,0,0,0,0,1,0,0,0,0,0,0,120
EPI_ISL_413591,2020-03-02,0,0,1,0,2,0,0,0,0,0,1,0,0,0,0,0,0,0,0,0,121
EPI_ISL_413593,2020-02-29,0,0,2,0,2,0,0,0,0,0,1,0,0,0,0,0,0,0,0,0,122
EPI_ISL_413594,2020-02-28,0,0,1,0,0,0,0,0,0,0,1,0,0,0,0,0,0,0,0,0,495
EPI_ISL_416621,2020-02-17,0,0,0,1,1,0,0,0,0,0,0,0,0,1,0,0,0,0,0,0,88
EPI_ISL_413595,2020-02-28,0,0,1,2,4,0,0,0,0,1,1,0,0,4,0,0,0,1,1,0,501
EPI_ISL_416622,2020-02-17,0,0,0,0,2,0,0,0,0,0,0,0,0,2,0,0,0,0,0,0,46
EPI_ISL_414443,2020-03-03,0,0,1,0,2,0,0,0,0,0,1,0,0,0,0,0,0,0,0,0,121
EPI_ISL_413597,2020-03-02,0,0,0,1,4,0,0,0,0,0,0,0,0,4,0,0,0,0,0,0,499
EPI_ISL_416620,2020-02-17,0,0,0,0,1,0,1,0,0,0,0,0,0,1,1,0,0,0,0,0,121
EPI_ISL_414446,2020-03-03,0,1,1,3,2,0,0,0,0,0,1,0,0,0,0,1,0,2,0,0,125
EPI_ISL_413598,2020-03-04,0,0,1,2,4,0,0,0,0,1,1,0,0,4,0,0,0,1,1,0,501
EPI_ISL_416625,2020-02-17,0,0,0,0,3,0,0,0,0,0,0,0,0,2,0,0,0,0,0,0,122
EPI_ISL_414445,2020-03-03,0,0,2,0,6,0,0,0,0,0,2,0,0,2,0,0,0,0,0,0,126
EPI_ISL_416624,2020-02-17,0,0,0,0,2,0,0,0,0,1,0,0,0,2,0,0,0,0,1,0,34
EPI_ISL_414439,2020-03-02,0,1,1,3,2,0,0,0,0,0,1,0,0,0,0,1,0,2,0,0,125
EPI_ISL_416619,2020-02-17,0,0,0,0,2,0,0,0,0,1,0,0,0,2,0,0,0,0,1,0,250
EPI_ISL_416617,2020-02-17,0,0,0,0,1,0,0,0,0,0,0,0,0,1,0,0,0,0,0,0,130
EPI_ISL_414470,2020-03-06,0,0,1,4,2,0,0,0,0,0,1,0,0,0,0,0,0,2,0,0,125
EPI_ISL_416654,2020-03-11,0,0,0,0,5,0,0,0,1,0,0,0,0,3,0,0,1,0,0,0,13
EPI_ISL_416652,2020-03-11,0,0,0,1,5,0,0,0,1,0,0,0,0,3,0,0,1,0,0,0,82
EPI_ISL_416653,2020-03-11,0,0,1,0,3,1,0,0,0,0,1,0,1,1,0,0,0,0,0,0,18
EPI_ISL_414479,2020-02-18,0,0,0,0,0,0,0,0,0,0,0,0,0,0,0,0,0,0,0,0,21
EPI_ISL_416659,2020-03-11,0,0,0,0,4,0,0,0,1,0,0,0,0,2,0,0,1,0,0,0,69
EPI_ISL_416656,2020-03-11,0,0,0,0,4,0,0,0,1,0,0,0,0,2,0,0,1,0,0,0,50
EPI_ISL_416643,2020-03-11,0,0,0,0,4,0,0,0,1,0,0,0,0,2,0,0,1,0,0,0,41
EPI_ISL_416642,2020-03-11,0,0,1,0,4,1,0,0,0,0,1,0,1,1,0,0,0,0,0,0,125
EPI_ISL_414468,2020-03-06,0,0,0,0,4,1,0,0,0,0,0,0,1,4,0,0,0,0,0,0,122
EPI_ISL_414467,2020-03-05,0,0,3,0,5,0,0,0,0,0,1,0,0,2,0,0,0,0,0,0,125
EPI_ISL_416648,2020-03-11,0,0,1,0,3,1,0,0,0,0,1,0,1,1,0,0,0,0,0,0,41
EPI_ISL_416646,2020-03-11,0,0,0,0,5,1,0,0,0,0,0,0,1,4,0,0,0,0,0,0,87
EPI_ISL_406844,2020-01-25,0,0,1,0,1,1,0,0,0,0,1,0,1,1,0,0,0,0,0,0,13
EPI_ISL_416671,2020-03-12,0,0,1,0,4,1,0,0,0,0,1,0,1,1,0,0,0,0,0,0,144
EPI_ISL_416676,2020-03-11,0,0,1,3,2,0,0,0,0,0,1,0,0,0,0,0,0,2,0,0,99
EPI_ISL_414015,2020-02-29,0,0,1,0,2,0,0,0,0,0,1,0,0,0,0,0,0,0,0,0,21
EPI_ISL_416674,2020-03-11,0,0,1,0,3,1,0,0,0,0,1,0,1,0,0,0,0,0,0,0,75
EPI_ISL_414014,2020-03-02,0,1,1,3,2,0,0,0,0,0,1,0,0,0,0,1,0,2,0,0,61
EPI_ISL_414017,2020-03-04,0,1,1,3,2,0,0,0,0,0,1,0,0,0,0,1,0,2,0,0,45
EPI_ISL_414016,2020-02-29,0,0,1,0,2,0,0,0,0,0,1,0,0,0,0,0,0,0,0,0,41
EPI_ISL_414019,2020-02-27,0,0,1,0,3,0,0,0,0,0,1,0,0,1,0,0,0,0,0,0,37
EPI_ISL_416678,2020-03-11,0,0,1,0,3,1,0,0,0,0,1,0,1,1,0,0,0,0,0,0,119
EPI_ISL_414481,2020-02-21,0,0,0,0,0,0,0,0,0,0,0,0,0,0,0,0,0,0,0,0,21
EPI_ISL_414484,2020-02-17,0,0,0,0,1,0,0,0,0,0,0,0,0,1,0,0,0,0,0,0,22
EPI_ISL_416660,2020-03-10,0,0,1,0,3,1,0,0,0,0,1,0,1,1,0,0,0,0,0,0,86
EPI_ISL_416665,2020-03-12,0,0,0,1,5,0,0,0,1,0,0,0,0,3,0,0,1,0,0,0,54
EPI_ISL_416663,2020-03-12,0,0,0,0,4,0,0,0,1,0,0,0,0,2,0,0,1,0,0,0,68
EPI_ISL_414487,2020-03-04,0,0,0,0,0,0,0,0,0,0,0,0,0,0,0,0,0,0,0,0,121
EPI_ISL_416664,2020-03-12,0,0,0,0,6,0,0,0,1,0,0,0,0,4,0,0,1,0,0,0,14
EPI_ISL_406862,2020-01-28,0,0,1,0,1,0,0,0,0,0,1,0,0,0,0,0,0,0,0,0,124
EPI_ISL_413520,2020-01-28,0,0,0,1,3,0,0,0,1,0,0,0,0,1,0,0,1,1,0,0,5
EPI_ISL_413521,2020-01-28,0,0,0,0,3,0,0,0,1,0,0,0,0,1,0,0,1,0,0,0,4
EPI_ISL_415700,2020-02-28,0,0,1,4,2,0,0,0,0,0,1,0,0,0,0,0,0,3,0,0,58
EPI_ISL_413522,2020-01-27,0,0,4,0,4,0,0,0,0,0,2,0,0,4,0,0,0,0,0,0,54
EPI_ISL_413523,2020-01-31,0,0,1,0,4,0,0,0,1,0,1,0,0,3,0,0,1,0,0,0,58
EPI_ISL_415702,2020-03-02,0,1,1,3,3,0,0,0,0,0,1,0,0,1,0,1,0,2,0,0,17
EPI_ISL_415701,2020-03-02,0,0,1,3,3,0,0,0,0,0,1,0,0,1,0,0,0,2,0,0,12
EPI_ISL_413514,2020-02-27,0,0,0,0,3,0,0,0,1,0,0,0,0,1,0,0,1,0,0,0,49
EPI_ISL_413515,2020-02-27,0,0,0,0,3,0,0,0,1,0,0,0,0,1,0,0,1,0,0,0,51
EPI_ISL_413999,2020-02-27,0,1,1,0,3,0,0,0,0,0,1,0,0,0,0,1,0,0,0,0,22
EPI_ISL_413516,2020-02-27,0,0,0,0,3,0,0,0,1,0,0,0,0,1,0,0,1,0,0,0,49
EPI_ISL_413518,2020-01-26,0,0,0,0,3,0,0,0,1,0,0,0,0,1,0,0,1,0,0,0,4
EPI_ISL_413519,2020-01-28,0,0,0,0,3,0,0,0,1,0,0,0,0,1,0,0,1,0,0,0,4
EPI_ISL_413996,2020-02-24,0,0,1,0,2,0,0,0,0,0,1,0,0,0,0,0,0,0,0,0,36
EPI_ISL_413513,2020-02-27,0,0,0,0,3,0,0,0,1,0,0,0,0,1,0,0,1,0,0,0,49
EPI_ISL_413997,2020-02-26,0,0,1,3,3,0,0,0,0,0,1,0,0,1,0,0,0,2,0,0,23
EPI_ISL_415711,2020-01-22,0,0,0,0,0,0,0,0,0,0,0,0,0,0,0,0,0,0,0,0,38
EPI_ISL_415704,2020-03-04,0,0,1,0,3,0,0,0,0,0,1,0,0,1,0,0,0,0,0,0,13
EPI_ISL_415703,2020-03-01,0,0,1,3,3,0,0,0,0,0,1,0,0,1,0,0,0,2,0,0,15
EPI_ISL_415706,2020-03-06,0,0,1,0,3,0,0,0,0,0,1,0,0,1,0,0,0,0,0,0,6
EPI_ISL_415705,2020-03-06,0,0,1,0,3,0,0,0,0,0,1,0,0,1,0,0,0,0,0,0,16
EPI_ISL_415708,2020-03-07,0,0,1,1,3,0,0,0,0,0,1,0,0,1,0,0,0,1,0,0,14
EPI_ISL_415707,2020-03-08,0,0,1,0,3,0,0,0,0,0,1,0,0,1,0,0,0,0,0,0,11
EPI_ISL_415709,2020-01-25,0,0,1,0,1,1,0,0,0,0,1,0,1,1,0,0,0,0,0,0,89
EPI_ISL_413563,2020-03-03,0,0,0,0,5,0,0,0,1,0,0,0,0,2,0,0,1,0,0,0,12
EPI_ISL_415741,2020-02-26,0,0,1,2,3,0,0,0,0,0,1,0,0,3,0,0,0,0,0,0,10
EPI_ISL_415743,2020-02-27,0,0,1,2,3,0,0,0,0,0,1,0,0,3,0,0,0,0,0,0,7
EPI_ISL_413566,2020-03-02,0,0,1,0,2,0,0,0,0,0,1,0,0,0,0,0,0,0,0,0,121
EPI_ISL_414414,2020-02-29,0,0,0,2,3,0,0,0,0,0,0,0,0,2,0,0,0,0,0,0,45
EPI_ISL_413555,2020-02-27,0,0,1,0,2,0,0,0,0,0,1,0,0,0,0,0,0,0,0,0,125
EPI_ISL_410045,2020-01-28,0,1,1,0,3,0,0,0,2,0,0,0,0,2,0,0,2,0,0,0,28
EPI_ISL_410044,2020-01-27,0,0,0,0,24,0,0,0,0,0,0,0,0,8,0,0,0,0,0,0,45
EPI_ISL_411952,2020-01-24,0,0,1,0,3,1,0,0,0,0,1,0,0,2,0,0,0,0,0,0,17
EPI_ISL_411953,2020-01-24,0,0,0,0,0,0,0,0,0,0,0,0,0,0,0,0,0,0,0,0,12
EPI_ISL_411954,2020-02-06,0,0,0,1,1,0,0,0,1,0,0,0,0,0,0,0,1,1,0,0,25
EPI_ISL_411955,2020-02-10,0,0,1,0,0,0,0,0,0,0,0,0,0,0,0,0,0,0,0,0,22
EPI_ISL_411956,2020-02-11,0,0,0,1,4,0,0,0,2,0,0,0,0,3,0,0,2,0,0,0,28
EPI_ISL_411957,2020-01-08,0,0,0,0,0,0,0,0,0,0,0,0,0,0,0,0,0,0,0,0,69
EPI_ISL_411950,2020-01-23,0,0,0,0,1,1,0,0,0,0,0,0,1,1,0,0,0,0,0,0,15
EPI_ISL_411951,2020-02-07,0,0,1,0,5,1,0,0,0,0,1,0,1,3,0,0,0,0,0,0,24
EPI_ISL_412870,2020-01-30,0,0,0,0,3,0,0,0,1,0,0,0,0,1,0,0,1,0,0,0,118
EPI_ISL_412871,2020-01-31,0,0,0,0,5,0,0,0,1,0,0,0,0,3,0,0,1,0,0,0,120
EPI_ISL_412872,2020-02-01,0,0,0,0,0,0,0,0,0,0,0,0,0,0,0,0,0,0,0,0,114
EPI_ISL_412873,2020-02-06,0,0,0,0,5,0,0,0,1,0,0,0,0,3,0,0,1,0,0,0,121
EPI_ISL_412869,2020-01-30,0,0,0,0,4,1,0,0,1,1,0,0,1,1,0,0,1,0,0,0,122
EPI_ISL_412862,2020-02-23,0,0,0,0,1,0,0,0,0,0,0,0,0,1,0,0,0,0,0,0,22
EPI_ISL_413711,2020-02,0,0,0,0,3,0,0,0,1,0,0,0,0,2,0,0,1,0,0,0,46
EPI_ISL_415481,2020-03-08,0,0,1,0,4,1,0,0,0,0,1,0,1,2,0,0,0,0,0,0,124
EPI_ISL_415480,2020-03-09,0,0,2,0,6,0,0,0,0,0,2,0,0,2,0,0,0,0,0,0,126
EPI_ISL_416331,2020-01-30,0,0,0,1,4,0,0,0,0,0,0,0,0,3,0,0,0,0,0,0,73
EPI_ISL_415483,2020-03-09,0,1,1,4,3,0,0,0,0,0,1,0,0,0,0,1,0,3,0,0,127
EPI_ISL_416332,2020-01-30,0,0,0,1,4,0,0,0,0,0,0,0,0,3,0,0,0,0,0,0,73
EPI_ISL_415482,2020-03-09,0,1,1,3,2,1,0,0,0,0,1,0,1,0,0,1,0,2,0,0,126
EPI_ISL_415485,2020-03-12,0,0,1,0,5,0,0,0,0,0,1,0,0,2,0,0,0,0,0,0,124
EPI_ISL_416330,2020-02-02,0,0,0,0,2,1,0,0,1,0,0,0,1,1,0,0,1,0,0,0,75
EPI_ISL_416335,2020-02-02,0,0,0,0,4,0,0,0,1,0,0,0,0,2,0,0,1,0,0,0,73
EPI_ISL_415487,2020-03-13,0,0,1,0,3,2,0,0,0,0,1,0,2,1,0,0,0,0,0,0,124
EPI_ISL_416336,2020-02-01,0,0,0,1,1,0,0,0,0,0,0,0,0,1,0,0,0,1,0,0,73
EPI_ISL_415486,2020-03-13,0,0,0,0,5,1,0,0,0,0,0,0,1,4,0,0,0,0,0,0,123
EPI_ISL_416333,2020-01-30,0,0,0,0,2,0,0,0,1,0,0,0,0,1,0,0,1,0,0,0,71
EPI_ISL_415489,2020-03-13,0,0,0,0,4,0,0,0,0,0,0,0,0,1,0,0,0,0,0,0,121
EPI_ISL_416334,2020-02-06,0,0,1,0,5,0,0,0,0,0,1,0,0,2,0,0,0,0,0,0,98
EPI_ISL_415488,2020-03-13,0,0,2,1,2,0,0,0,0,0,1,0,0,0,0,0,0,1,0,0,124
EPI_ISL_416339,2020-02-03,0,0,0,0,4,0,0,0,1,0,0,0,0,3,0,0,1,0,0,0,72
EPI_ISL_416338,2020-02-01,0,1,1,0,1,0,0,0,2,0,0,0,0,0,0,0,2,0,0,0,72
EPI_ISL_406531,2020-01-22,0,0,1,0,0,0,0,0,0,0,1,0,0,0,0,0,0,0,0,0,96
EPI_ISL_406536,2020-01-22,0,0,0,0,1,0,0,0,0,0,0,0,0,1,0,0,0,0,0,0,101
EPI_ISL_406538,2020-01-23,0,0,0,0,0,0,0,0,0,0,0,0,0,0,0,0,0,0,0,0,64
EPI_ISL_406533,2020-01-22,0,0,0,1,1,0,0,0,0,0,0,0,0,1,0,0,0,1,0,0,66
EPI_ISL_406534,2020-01-22,0,0,0,2,0,0,0,0,0,0,0,0,0,0,0,0,0,1,0,0,66
EPI_ISL_406535,2020-01-22,0,0,0,0,1,0,0,0,0,0,0,0,0,1,0,0,0,0,0,0,65
EPI_ISL_415472,2020-03-11,0,0,1,0,3,0,0,0,0,0,1,0,0,1,0,0,0,0,0,0,122
EPI_ISL_416320,2020-01-28,0,0,2,0,0,0,0,1,0,0,1,1,0,0,0,0,0,0,0,0,71
EPI_ISL_415471,2020-03-11,0,1,1,3,3,0,0,0,0,0,1,0,0,1,0,1,0,2,0,0,126
EPI_ISL_416321,2020-01-28,0,1,1,0,1,0,0,0,0,0,1,0,0,1,0,1,0,0,0,0,72
EPI_ISL_415474,2020-03-09,0,0,1,0,4,0,0,0,0,0,1,0,0,1,0,0,0,0,0,0,123
EPI_ISL_415473,2020-03-09,0,0,1,0,4,0,0,0,0,0,1,0,0,1,0,0,0,0,0,0,123
EPI_ISL_416324,2020-01-29,0,0,0,0,3,0,0,0,0,0,0,0,0,3,0,0,0,0,0,0,73
EPI_ISL_415476,2020-03-10,0,0,1,3,3,0,0,0,0,0,1,0,0,1,0,0,0,2,0,0,125
EPI_ISL_416325,2020-02-02,0,0,1,0,0,1,0,0,0,0,0,0,1,0,0,0,0,0,0,0,69
EPI_ISL_415475,2020-03-12,0,1,1,3,3,0,0,0,0,0,1,0,0,1,0,1,0,2,0,0,126
EPI_ISL_415478,2020-03-08,0,0,0,0,4,1,0,0,0,0,0,0,1,4,0,0,0,0,0,0,123
EPI_ISL_416322,2020-01-29,0,0,0,0,2,0,0,0,1,0,0,0,0,1,0,0,1,0,0,0,70
EPI_ISL_416323,2020-01-29,0,0,1,0,2,0,0,0,1,0,1,0,0,1,0,0,1,0,0,0,72
EPI_ISL_415479,2020-03-08,0,0,0,0,5,0,0,0,0,0,0,0,0,2,0,0,0,0,0,0,122
EPI_ISL_416326,2020-01-30,0,0,0,0,1,0,0,0,1,0,0,0,0,0,0,0,1,0,0,0,69
EPI_ISL_416353,2020-02-04,0,0,0,0,1,0,0,0,0,0,0,0,0,1,0,0,0,0,0,0,68
EPI_ISL_417200,2020-03-21,0,0,2,1,9,1,0,0,1,0,635,0,0,3917,0,0,1,1,0,0,74
EPI_ISL_417201,2020-03-21,0,0,0,1,8,3,0,0,1,0,0,0,179,3917,0,0,1,1,0,0,53
EPI_ISL_416352,2020-01-30,0,0,0,0,1,0,0,0,1,0,0,0,0,0,0,0,1,0,0,0,69
EPI_ISL_417204,2020-03-21,0,0,2,0,8,1,0,0,0,0,634,0,1,3918,0,0,0,0,0,0,71
EPI_ISL_417202,2020-03-21,0,0,1,0,6,0,0,0,0,1,1,0,0,2642,0,0,0,0,0,0,69
EPI_ISL_417203,2020-03-21,0,0,1,0,9,0,0,0,1,0,635,0,0,3917,0,0,1,0,0,0,71
EPI_ISL_415492,2020-03-10,0,0,0,0,6,1,0,0,0,0,0,0,1,4,0,0,0,0,0,0,124
EPI_ISL_415491,2020-03-07,0,0,0,0,3,1,0,0,0,0,0,0,1,3,0,0,0,0,0,0,121
EPI_ISL_416342,2020-02-04,0,0,0,0,5,0,0,0,0,0,0,0,0,4,0,0,0,0,0,0,96
EPI_ISL_415496,2020-03-09,0,1,1,3,2,0,0,0,0,0,1,0,0,0,0,1,0,2,0,0,125
EPI_ISL_416341,2020-02-01,0,1,1,0,1,0,0,0,2,0,0,0,0,0,0,0,2,0,0,0,73
EPI_ISL_415495,2020-03-10,0,0,0,1,3,0,0,0,0,0,0,0,0,2,0,0,0,1,0,0,121
EPI_ISL_415498,2020-03-09,0,1,1,4,2,0,0,0,0,0,1,0,0,0,0,1,0,3,0,0,126
EPI_ISL_415497,2020-03-09,0,1,2,4,3,0,0,0,0,0,2,0,0,1,0,1,0,3,0,0,128
EPI_ISL_415499,2020,0,0,1,0,4,0,0,0,0,0,1,0,0,1,0,0,0,0,0,0,123
EPI_ISL_416372,2020-02-01,0,0,2,0,3,0,0,0,1,0,2,0,0,2,0,0,1,0,0,0,73
EPI_ISL_416376,2020-02-05,0,0,0,0,0,0,0,0,0,0,0,0,0,0,0,0,0,0,0,0,68
EPI_ISL_416373,2020-02-07,0,0,0,1,3,0,0,0,0,1,0,0,0,3,0,0,0,0,1,0,74
EPI_ISL_416377,2020-02-07,0,0,0,1,1,0,0,0,1,0,0,0,0,0,0,0,1,0,0,0,70
EPI_ISL_411915,2020-01-25,0,0,0,0,0,0,0,0,0,0,0,0,0,0,0,0,0,0,0,0,41
EPI_ISL_416361,2020-02-01,0,0,0,1,2,0,0,0,0,0,0,0,0,2,0,0,0,1,0,0,71
EPI_ISL_417211,2020-03-11,0,0,1,0,4,0,0,0,0,0,0,0,0,1,0,0,0,0,0,0,223
EPI_ISL_417212,2020-03-11,0,0,0,2,5,1,0,0,0,0,0,0,1,2940,0,0,0,2,0,0,225
EPI_ISL_416362,2020-02-02,0,0,0,1,0,0,0,0,0,0,0,0,0,0,0,0,0,1,0,0,68
EPI_ISL_416363,2020-02-08,0,0,0,1,1,0,0,0,0,0,0,0,0,1,0,0,0,1,0,0,70
EPI_ISL_416367,2020-02-01,0,0,1,0,2,0,0,1,0,0,1,1,0,1,0,0,0,0,0,0,95
EPI_ISL_407893,2020-01-24,0,0,0,0,1,0,0,0,1,0,0,0,0,0,0,0,1,0,0,0,123
EPI_ISL_407894,2020-01-28,0,0,0,1,1,0,0,0,1,0,0,0,0,0,0,0,1,1,0,0,65
EPI_ISL_411902,2020-01-27,0,0,0,0,0,1,0,0,0,0,0,0,1,0,0,0,0,0,0,0,31
EPI_ISL_407896,2020-01-30,0,0,1,1,1,1,0,0,1,0,1,0,0,0,0,0,1,1,0,0,45
EPI_ISL_416393,2020-02-09,0,0,0,0,1,0,0,0,0,0,0,0,0,1,0,0,0,0,0,0,68
EPI_ISL_416394,2020-02-14,0,0,0,0,1,0,0,0,0,0,0,0,0,1,0,0,0,0,0,0,68
EPI_ISL_416397,2020-02-02,1,0,1,0,1,0,0,0,1,0,0,0,0,0,0,0,1,0,0,0,73
EPI_ISL_416398,2020-02-02,0,0,0,1,2,0,0,0,0,0,0,0,0,2,0,0,0,1,0,0,71
EPI_ISL_416399,2020-02-13,0,0,0,0,3,0,0,0,0,0,0,0,0,3,0,0,0,0,0,0,70
EPI_ISL_406594,2020-01-16,0,0,0,1,0,0,0,1,0,0,0,1,0,0,0,0,0,1,0,0,21
EPI_ISL_406595,2020-01-16,0,0,3,1,4,1,0,0,0,0,2,0,0,2,0,0,0,1,0,0,28
EPI_ISL_406596,2020-01-23,0,0,1,0,0,1,0,0,0,0,1,0,1,0,0,0,0,0,0,0,52
EPI_ISL_406597,2020-01-23,0,0,1,0,0,1,0,0,0,0,1,0,1,0,0,0,0,0,0,0,96
EPI_ISL_406592,2020-01-13,0,2,2,1,19,2,0,0,1,0,2,0,2,14,0,1,1,0,0,0,39
EPI_ISL_406593,2020-01-13,0,0,0,1,1,0,0,0,1,0,0,0,0,0,0,0,1,0,0,0,15
EPI_ISL_416390,2020-01-31,0,0,0,1,3,0,0,0,0,0,0,0,0,2,0,0,0,0,0,0,95
EPI_ISL_416382,2020-02-08,0,0,0,1,7,0,0,0,0,0,0,0,0,5,0,0,0,0,0,0,77
EPI_ISL_416380,2020-02-09,0,0,0,0,1,0,0,0,0,0,0,0,0,1,0,0,0,0,0,0,68
EPI_ISL_416381,2020-02-01,0,1,1,0,1,0,0,0,2,0,0,0,0,0,0,0,2,0,0,0,72
EPI_ISL_416387,2020-02-01,0,0,1,1,2,0,0,0,0,0,1,0,0,2,0,0,0,1,0,0,95
EPI_ISL_416389,2020-01-21,0,0,1,1,0,0,0,1,0,0,1,1,0,0,0,0,0,1,0,0,71
EPI_ISL_411926,2020-01-24,0,0,0,0,1,0,0,0,1,0,0,0,0,0,0,0,1,0,0,0,15
EPI_ISL_411927,2020-01-28,0,0,0,0,0,0,0,0,0,0,0,0,0,0,0,0,0,0,0,0,13
EPI_ISL_411929,2020-01,1,0,1,0,5,2,0,0,0,0,1,0,2,3,0,0,0,0,0,1,9
EPI_ISL_414552,2020-03-07,0,1,1,3,2,0,0,0,0,0,1,0,0,0,0,1,0,2,0,0,136
EPI_ISL_414551,2020-03-07,0,0,0,0,4,0,0,0,0,0,0,0,0,1,0,0,0,0,0,0,132
EPI_ISL_414554,2020-03-08,0,1,2,3,2,0,0,0,0,0,2,0,0,0,0,1,0,2,0,0,137
EPI_ISL_414555,2020-03-08,0,0,0,1,3,0,0,0,1,0,0,0,0,2,0,0,1,1,0,0,134
EPI_ISL_414558,2020-03-06,0,0,1,2,5,0,0,0,0,0,1,0,0,5,0,0,0,1,0,0,137
EPI_ISL_414557,2020-03-08,0,1,1,3,3,0,0,0,0,0,1,0,0,1,0,1,0,2,0,0,137
EPI_ISL_414549,2020-03-03,0,0,1,3,4,0,0,0,0,0,1,0,0,2,0,0,0,2,0,0,137
EPI_ISL_416728,2020-03-13,0,0,0,0,4,0,0,0,1,0,0,0,0,2,0,0,1,0,0,0,124
EPI_ISL_416729,2020-03-13,0,0,1,0,3,1,0,0,0,0,1,0,1,1,0,0,0,0,0,0,102
EPI_ISL_416727,2020-03-13,0,0,0,0,5,0,0,0,1,0,0,0,0,3,0,0,1,0,0,0,119
EPI_ISL_413691,2020-01,0,0,0,0,1,0,0,0,1,0,0,0,0,0,0,0,1,0,0,0,49
EPI_ISL_413692,2020-01,0,0,2,0,0,0,0,0,0,0,2,0,0,0,0,0,0,0,0,0,45
EPI_ISL_413693,2020-01,0,0,0,0,1,1,0,0,0,0,0,0,1,1,0,0,0,0,0,0,55
EPI_ISL_413694,2020-01,0,0,2,0,0,0,0,0,0,0,2,0,0,0,0,0,0,0,0,0,38
EPI_ISL_416721,2020-03-13,0,0,0,0,4,0,0,0,1,0,0,0,0,2,0,0,1,0,0,0,72
EPI_ISL_414543,2020-03,1,0,0,0,6,1,0,0,0,0,0,0,1,1,0,0,0,0,0,0,136
EPI_ISL_414545,2020-03-03,0,1,1,3,3,0,0,0,0,0,1,0,0,1,0,1,0,2,0,0,137
EPI_ISL_413697,2020-02,0,0,0,0,3,0,0,0,1,0,0,0,0,1,0,0,1,0,0,0,56
EPI_ISL_413213,2020-02-29,0,0,1,1,4,0,0,0,0,0,0,0,0,4,0,0,0,0,0,0,128
EPI_ISL_416724,2020-03-13,0,0,1,0,3,1,0,0,0,0,1,0,1,1,0,0,0,0,0,0,122
EPI_ISL_414544,2020-03-09,0,0,0,0,8,0,0,0,0,0,0,0,0,4,0,0,0,0,0,0,136
EPI_ISL_413214,2020-02-29,0,0,0,2,2,0,0,0,0,0,0,0,0,2,0,0,0,0,0,0,126
EPI_ISL_416725,2020-03-13,0,0,1,0,3,1,0,0,0,0,1,0,1,1,0,0,0,0,0,0,134
EPI_ISL_416723,2020-03-14,0,0,0,0,5,1,0,0,0,0,0,0,1,4,0,0,0,0,0,0,68
EPI_ISL_416717,2020-03-15,0,0,0,0,4,0,0,0,1,0,0,0,0,2,0,0,1,0,0,0,61
EPI_ISL_414537,2020-03-08,0,0,0,0,5,0,0,0,0,0,0,0,0,2,0,0,0,0,0,0,133
EPI_ISL_416718,2020-03-14,0,0,1,1,5,0,0,0,1,0,0,0,0,3,0,0,1,1,0,0,38
EPI_ISL_416715,2020-03-15,0,0,0,0,4,0,0,0,1,0,0,0,0,2,0,0,1,0,0,0,93
EPI_ISL_414539,2020-03-08,0,0,1,0,5,0,0,0,0,0,0,0,0,2,0,0,0,0,0,0,134
EPI_ISL_416716,2020-03-13,0,0,1,0,3,1,0,0,0,0,1,0,1,1,0,0,0,0,0,0,66
EPI_ISL_414571,2020-02-22,0,0,0,1,1,0,0,0,0,0,0,0,0,1,0,0,0,1,0,0,141
EPI_ISL_414577,2020-03-02,0,0,0,1,3,1,0,0,1,0,0,0,0,0,0,0,1,1,0,0,66
EPI_ISL_411066,2020-01-22,0,0,0,0,1,0,0,0,0,0,0,0,0,1,0,0,0,0,0,0,14
EPI_ISL_411060,2020-01-21,0,0,0,0,2,0,0,0,1,0,0,0,0,1,0,0,1,0,0,0,35
EPI_ISL_414561,2020-03-05,0,1,1,3,3,0,0,0,0,0,1,0,0,1,0,1,0,2,0,0,137
EPI_ISL_414563,2020-03-03,0,0,0,0,5,0,0,0,0,0,0,0,0,3,0,0,0,0,0,0,133
EPI_ISL_416742,2020-02,0,0,1,0,2,0,0,0,0,0,1,0,0,0,0,0,0,0,0,0,49
EPI_ISL_414562,2020-03-03,0,1,1,3,4,0,0,0,0,0,1,0,0,2,0,1,0,2,0,0,138
EPI_ISL_416743,2020-03,0,0,1,4,2,0,0,0,0,0,1,0,0,0,0,0,0,3,0,0,45
EPI_ISL_414564,2020-03-08,0,1,1,3,2,0,0,0,0,0,1,0,0,0,0,1,0,2,0,0,136
EPI_ISL_416741,2020-02,0,1,1,0,2,0,0,0,0,0,1,0,0,0,0,1,0,0,0,0,48
EPI_ISL_414569,2020-02-12,0,0,0,0,1,2,0,0,0,0,0,0,1,1,0,0,0,0,0,0,142
EPI_ISL_416744,2020-03-20,0,0,1,3,6,0,0,0,0,0,1,0,0,2,0,0,0,2,0,0,132
EPI_ISL_414559,2020-03-07,0,0,1,0,3,0,0,0,0,0,1,0,0,1,0,0,0,0,0,0,133
EPI_ISL_402129,2019-12-30,0,0,0,0,0,0,0,0,0,0,0,0,0,0,0,0,0,0,0,0,49
EPI_ISL_414590,2020-03-09,0,0,1,0,7,0,0,0,1,0,0,0,0,4,0,0,1,0,0,0,129
EPI_ISL_414594,2020-03-05,0,0,1,0,2561,0,0,0,0,0,1,0,0,5685,0,0,0,0,0,0,332
EPI_ISL_414595,2020-03-05,0,0,0,0,5,0,0,0,1,0,0,0,0,2,0,0,1,0,0,0,12
EPI_ISL_414598,2020-03-05,0,0,0,2,3,2,0,0,1,0,0,0,2,2,0,0,1,1,0,0,129
EPI_ISL_406970,2020-01-20,0,0,0,0,0,0,0,0,0,0,0,0,0,0,0,0,0,0,0,0,70
EPI_ISL_402130,2019-12-30,0,0,0,0,2,0,0,0,0,0,0,0,0,2,0,0,0,0,0,0,48
EPI_ISL_402131,2013-07-24,1,30,272,39,744,31,3,16,11,1,45,4,10,300,0,2,7,6,1,0,1188
EPI_ISL_402132,2019-12-30,0,0,1,0,0,0,0,0,0,0,1,0,0,0,0,0,0,0,0,0,56
EPI_ISL_406973,2020-01-23,0,0,1,0,0,0,0,0,0,0,0,0,0,0,0,0,0,0,0,0,59
EPI_ISL_402119,2019-12-30,0,0,0,0,0,0,0,0,0,0,0,0,0,0,0,0,0,0,0,0,12
EPI_ISL_414580,2020-03-05,0,0,1,3,3,0,0,0,0,0,1,0,0,1,0,0,0,2,0,0,115
EPI_ISL_414586,2020-03-03,0,0,1,0,3,0,0,0,0,0,1,0,0,1,0,0,0,0,0,0,127
EPI_ISL_414589,2020-03-07,0,0,0,0,2,0,0,0,0,0,0,0,0,1,0,0,0,0,0,0,60
EPI_ISL_414588,2020-03-05,0,0,1,0,9,0,0,0,1,0,0,0,0,6,0,0,1,0,0,0,88
EPI_ISL_402120,2020-01-01,0,0,0,0,0,0,0,1,1,0,0,1,0,0,0,0,0,0,0,0,9
EPI_ISL_402123,2019-12-24,0,0,0,0,3,0,0,0,0,0,0,0,0,2,0,0,0,0,0,0,7
EPI_ISL_402124,2019-12-30,0,0,0,0,0,0,0,0,0,0,0,0,0,0,0,0,0,0,0,0,12
EPI_ISL_402121,2019-12-30,0,0,0,0,2,0,0,0,0,0,0,0,0,2,0,0,0,0,0,0,14
EPI_ISL_402127,2019-12-30,0,0,1,0,1,0,0,0,0,0,0,0,0,0,0,0,0,0,0,0,80
EPI_ISL_402128,2019-12-30,0,0,0,0,2,0,0,0,0,0,0,0,0,2,0,0,0,0,0,0,53
EPI_ISL_402125,2019-12-31,0,0,0,0,0,0,0,0,0,0,0,0,0,0,0,0,0,0,0,0,0
EPI_ISL_415461,2020-03-10,0,0,0,1,2,0,0,0,1,0,0,0,0,1,0,0,1,1,0,0,122
EPI_ISL_415460,2020-03-09,0,0,1,0,3,0,0,0,0,0,1,0,0,1,0,0,0,0,0,0,122
EPI_ISL_415463,2020-03-09,0,1,1,3,2,0,0,0,0,0,1,0,0,0,0,1,0,2,0,0,125
EPI_ISL_415462,2020-03-09,0,0,2,0,2,0,0,0,0,0,1,0,0,0,0,0,0,0,0,0,122
EPI_ISL_415465,2020-03-10,0,0,1,0,3,0,0,0,0,0,1,0,0,1,0,0,0,0,0,0,122
EPI_ISL_415464,2020,0,0,0,0,2,0,0,0,0,0,0,0,0,2,0,0,0,0,0,0,119
EPI_ISL_415467,2020-03-10,0,1,1,4,3,0,0,0,0,0,1,0,0,0,0,1,0,3,0,0,127
EPI_ISL_415466,2020-03-09,0,0,1,0,3,0,0,0,0,0,1,0,0,1,0,0,0,0,0,0,122
EPI_ISL_415469,2020-03-10,0,0,1,0,3,0,0,0,0,0,1,0,0,1,0,0,0,0,0,0,122
EPI_ISL_416317,2020-01-25,0,0,0,1,1,0,0,0,1,0,0,0,0,0,0,0,1,1,0,0,72
EPI_ISL_415468,2020-03-10,0,1,2,3,2,0,0,0,0,0,2,0,0,0,0,1,0,2,0,0,126
EPI_ISL_416318,2020-01-28,0,0,1,1,1,0,0,0,1,0,0,0,0,0,0,0,1,0,0,0,95
EPI_ISL_416316,2020-01-25,0,0,0,1,1,0,0,0,1,0,0,0,0,0,0,0,1,1,0,0,71
EPI_ISL_415454,2020-02-28,0,0,1,4,3,0,0,0,0,0,1,0,0,0,0,0,0,3,0,0,16
EPI_ISL_415456,2020-02-29,0,0,1,3,4,0,0,0,0,0,1,0,0,2,0,0,0,2,0,0,13
EPI_ISL_415455,2020-02-28,0,0,1,3,3,0,0,0,0,0,1,0,0,1,0,0,0,2,0,0,19
EPI_ISL_415458,2020-03-01,0,0,1,3,3,0,0,0,0,0,1,0,0,0,0,0,0,2,0,0,14
EPI_ISL_415457,2020-02-29,0,0,1,4,2,0,0,0,0,0,1,0,0,0,0,0,0,3,0,0,15
EPI_ISL_415459,2020-02-29,0,0,1,3,3,0,0,0,0,0,1,0,0,1,0,0,0,2,0,0,19
EPI_ISL_413620,2020-02-18,0,0,0,0,0,0,0,0,0,0,0,0,0,0,0,0,0,0,0,0,21
EPI_ISL_413621,2020-02-18,0,0,0,0,0,0,0,0,0,0,0,0,0,0,0,0,0,0,0,0,21
EPI_ISL_413622,2020-02-24,0,0,0,0,1,0,0,0,0,0,0,0,0,1,0,0,0,0,0,0,22
EPI_ISL_413623,2020-02-24,0,0,1,0,15,0,0,0,0,0,1,0,0,5,0,0,0,0,0,0,37
EPI_ISL_413613,2020-02-17,0,0,0,0,1,0,0,0,0,0,0,0,0,1,0,0,0,0,0,0,22
EPI_ISL_413614,2020-02-17,0,0,0,0,0,0,0,0,0,0,0,0,0,0,0,0,0,0,0,0,21
EPI_ISL_413615,2020-02-17,0,0,0,0,1,0,0,0,0,0,0,0,0,1,0,0,0,0,0,0,22
EPI_ISL_413616,2020-02-17,0,0,0,0,1,0,0,0,0,0,0,0,0,0,0,0,0,0,0,0,22
EPI_ISL_413617,2020-02-20,0,0,0,0,0,0,0,0,0,1,0,0,0,0,0,0,0,0,1,0,22
EPI_ISL_413618,2020-02-20,0,0,0,0,0,0,0,0,0,0,0,0,0,0,0,0,0,0,0,0,21
EPI_ISL_413619,2020-02-25,0,0,0,0,3,0,0,0,0,0,0,0,0,2,0,0,0,0,0,0,24
EPI_ISL_414941,2020-01-30,0,0,0,0,2,0,0,0,1,0,0,0,0,1,0,0,1,0,0,0,38
EPI_ISL_414940,2020-01-25,0,0,0,0,2,0,0,0,1,0,0,0,0,1,0,0,1,0,0,0,59
EPI_ISL_413610,2020-02-21,0,0,0,0,0,0,0,0,0,0,0,0,0,0,0,0,0,0,0,0,21
EPI_ISL_413611,2020-02-21,1,0,0,0,1,0,0,0,0,0,0,0,0,0,0,0,0,0,0,0,23
EPI_ISL_413612,2020-02-17,1,0,0,0,2,0,0,0,0,0,0,0,0,1,0,0,0,0,0,0,24
EPI_ISL_413602,2020-03-03,0,0,2,0,2,0,0,0,0,1,2,0,0,0,0,0,0,0,1,0,101
EPI_ISL_413603,2020-03-03,0,0,0,1,2,1,0,0,0,0,0,0,1,2,0,0,0,1,0,0,72
EPI_ISL_414936,2020-01-23,0,0,0,1,3,0,0,0,1,0,0,0,0,2,0,0,1,1,0,0,373
EPI_ISL_413606,2020-02-17,0,0,0,1,1,0,0,0,0,0,0,0,0,1,0,0,0,0,0,0,23
EPI_ISL_414938,2020-01-24,0,0,0,0,2,0,0,0,1,0,0,0,0,1,0,0,1,0,0,0,123
EPI_ISL_413607,2020-02-18,0,0,0,1,0,0,0,0,0,0,0,0,0,0,0,0,0,1,0,0,23
EPI_ISL_414937,2020-01-26,0,0,0,0,2,0,0,0,1,0,0,0,0,1,0,0,1,0,0,0,378
EPI_ISL_413608,2020-02-18,0,0,0,0,0,0,0,0,0,0,0,0,0,0,0,0,0,0,0,0,21
EPI_ISL_413609,2020-02-21,0,0,0,1,1,0,0,0,0,1,0,0,0,1,0,0,0,0,1,0,24
EPI_ISL_414510,2020-02-02,0,0,0,0,2,0,0,0,0,0,0,0,0,1,0,0,0,0,0,0,44
EPI_ISL_414511,2020-01,0,0,0,1,1,1,0,0,0,0,0,0,1,1,0,0,0,1,0,0,3
EPI_ISL_413650,2020-03-05,0,0,1,0,4,0,0,0,1,0,1,0,0,2,0,0,1,0,0,0,7
EPI_ISL_413651,2020-03-05,0,0,1,0,4,0,0,0,1,0,1,0,0,2,0,0,1,0,0,0,8
EPI_ISL_413653,2020-03-05,0,0,0,0,4,0,0,0,1,0,0,0,0,2,0,0,1,0,0,0,7
EPI_ISL_414500,2020-03-04,0,0,0,0,2,0,0,0,0,0,0,0,0,1,0,0,0,0,0,0,123
EPI_ISL_416710,2020-03-13,0,0,0,1,8,0,0,0,1,0,0,0,0,6,0,0,1,0,0,0,126
EPI_ISL_416714,2020-03-14,0,0,0,1,5,0,0,0,1,0,0,0,0,3,0,0,1,0,0,0,56
EPI_ISL_414536,2020-03-08,0,0,0,0,6,0,0,0,0,0,0,0,0,3,0,0,0,0,0,0,134
EPI_ISL_416711,2020-03-15,0,0,0,0,5,0,0,0,1,0,0,0,0,2,0,0,1,0,0,0,44
EPI_ISL_416712,2020-03-14,0,0,1,0,4,0,0,0,1,0,0,0,0,2,0,0,1,0,0,0,153
EPI_ISL_414527,2020-02-09,0,0,1,1,1,1,0,0,0,0,1,0,1,1,0,0,0,1,0,0,143
EPI_ISL_416706,2020-03-13,0,0,1,1,3,0,0,0,0,0,1,0,0,2,0,0,0,1,0,0,120
EPI_ISL_416707,2020-03-14,0,0,1,0,3,1,0,0,0,0,1,0,1,1,0,0,0,0,0,0,133
EPI_ISL_414528,2020-02-10,0,0,0,0,1,1,0,0,0,0,0,0,1,1,0,0,0,0,0,0,141
EPI_ISL_416705,2020-03-13,0,0,0,0,4,0,0,0,1,0,0,0,0,2,0,0,1,0,0,0,118
EPI_ISL_414521,2020-03-02,0,0,1,1,1,0,0,0,1,0,1,0,0,0,0,0,1,0,0,0,32
EPI_ISL_414520,2020-03-02,0,0,0,1,6,0,0,0,0,0,0,0,0,4,0,0,0,0,0,0,37
EPI_ISL_416703,2020-03-13,0,0,0,0,6,0,0,0,1,0,0,0,0,3,0,0,1,0,0,0,93
EPI_ISL_416700,2020-03-13,0,0,0,0,6,0,0,0,1,0,0,0,0,3,0,0,1,0,0,0,93
EPI_ISL_414517,2020-02-25,0,0,1,0,5,1,0,0,0,0,1,0,1,5,0,0,0,0,0,0,146
EPI_ISL_414519,2020-02-24,0,0,1,0,5,1,0,0,0,0,1,0,1,5,0,0,0,0,0,0,146
EPI_ISL_417383,2020-03-03,0,0,0,2,4,0,0,0,0,0,0,0,0,2,0,0,0,0,0,0,128
EPI_ISL_417384,2020-03-05,0,0,1,1,3,0,0,0,0,1,0,0,0,3,0,0,0,0,0,0,128
EPI_ISL_417381,2020-03-14,0,0,1,0,4,0,1,0,1,0,0,0,0,2,0,0,1,0,0,0,70
EPI_ISL_417382,2020-03-15,0,0,1,0,3,1,0,0,0,0,1,0,1,1,0,0,0,0,0,0,66
EPI_ISL_417387,2020-03-06,0,0,1,1,4,0,0,0,0,0,0,0,0,4,0,0,0,0,0,0,128
EPI_ISL_417388,2020-03-05,0,0,1,1,4,0,0,0,0,0,1,0,0,2,0,0,0,1,0,0,128
EPI_ISL_417385,2020-03-06,0,0,1,1,3,0,0,0,0,1,0,0,0,2,0,0,0,0,0,0,128
EPI_ISL_417386,2020-03-04,0,0,0,2,3,0,0,0,0,0,0,0,0,3,0,0,0,0,0,0,127
EPI_ISL_417389,2020-03-09,0,0,1,2,5,0,0,0,0,0,1,0,0,3,0,0,0,0,0,0,130
EPI_ISL_408431,2020-01-29,0,0,1,0,0,0,0,0,0,0,0,0,0,0,0,0,0,0,0,0,53
EPI_ISL_408430,2020-01-29,0,0,0,0,3,0,0,0,0,0,0,0,0,3,0,0,0,0,0,0,43
EPI_ISL_417380,2020-03-14,0,0,2,0,4,0,0,0,1,0,2,0,0,2,0,0,1,0,0,0,69
EPI_ISL_417372,2020-03-13,0,0,1,0,3,1,0,0,0,0,1,0,1,0,0,0,0,0,0,0,9
EPI_ISL_416042,2020-01-26,0,0,0,0,1,0,0,0,1,0,0,0,0,0,0,0,1,0,0,0,40
EPI_ISL_417370,2020-03-14,0,0,1,0,4,0,1,0,1,0,0,0,0,2,0,0,1,0,0,0,21
EPI_ISL_416046,2020-01-24,0,0,0,0,0,0,0,0,0,0,0,0,0,0,0,0,0,0,0,0,65
EPI_ISL_416044,2020-01-25,0,0,0,0,1,0,0,0,0,0,0,0,0,0,0,0,0,0,0,0,84
EPI_ISL_416047,2020-02-02,0,0,0,1,3,0,0,0,0,0,0,0,0,2,0,0,0,0,0,0,67
EPI_ISL_412912,2020-02-25,0,0,1,3,3,0,0,0,0,0,1,0,0,1,0,0,0,2,0,0,155
EPI_ISL_417394,2020-03-10,0,0,0,0,6,1,0,0,0,0,0,0,1,5,0,0,0,0,0,0,501
EPI_ISL_417395,2020-03-10,0,0,1,0,4,0,0,0,1,0,0,0,0,2,0,0,1,0,0,0,500
EPI_ISL_417392,2020-03-10,0,0,0,2,7,0,0,0,0,0,0,0,0,3,0,0,0,0,0,0,131
EPI_ISL_417393,2020-03-08,0,0,0,2,7,0,0,0,0,0,0,0,0,3,0,0,0,0,0,0,503
EPI_ISL_417398,2020-03-11,0,0,0,2,6,0,0,0,0,0,0,0,0,4,0,0,0,0,0,0,502
EPI_ISL_417399,2020-03-10,0,0,0,0,3,1,0,0,0,0,0,0,1,3,0,0,0,0,0,0,498
EPI_ISL_417396,2020-03-10,0,0,1,1,3,1,0,0,0,0,1,0,1,2,0,0,0,1,0,0,500
EPI_ISL_417397,2020-03-11,0,0,1,0,2,0,0,0,0,0,1,0,0,0,0,0,0,0,0,0,497
EPI_ISL_417390,2020-03-08,0,0,1,3,4,0,0,0,0,0,1,0,0,2,0,0,0,2,0,0,130
EPI_ISL_417391,2020-03-08,0,0,0,2,6,0,0,0,0,0,0,0,0,4,0,0,0,0,0,0,130
EPI_ISL_412972,2020-02-27,0,0,1,3,2,0,0,0,0,0,1,0,0,0,0,0,0,2,0,0,7
EPI_ISL_412973,2020-02-20,0,0,1,0,2,0,0,0,0,0,1,0,0,0,0,0,0,0,0,0,6
EPI_ISL_412974,2020-01-29,0,0,0,0,1,1,0,0,0,0,0,0,1,1,0,0,0,0,0,0,2
EPI_ISL_412964,2020-02-25,0,0,1,0,2,0,0,0,0,0,1,0,0,0,0,0,0,0,0,0,18
EPI_ISL_408478,2020-01-21,0,0,0,1,3,0,0,0,1,0,0,0,0,2,0,0,1,0,0,0,17
EPI_ISL_412966,2020-02-05,0,0,0,1,1,0,0,0,0,0,0,0,0,1,0,0,0,1,0,0,25
EPI_ISL_412967,2020-01-29,0,0,0,1,3,0,0,0,0,0,0,0,0,3,0,0,0,0,0,0,36
EPI_ISL_412968,2020-02-10,0,0,0,0,1,0,0,0,0,0,0,0,0,1,0,0,0,0,0,0,28
EPI_ISL_412969,2020-02-10,0,0,0,0,1,0,0,0,0,1,0,0,0,1,0,0,0,0,1,0,34
EPI_ISL_408479,2020-01-23,0,0,0,0,0,0,0,0,0,0,0,0,0,0,0,0,0,0,0,0,12
EPI_ISL_410301,2020-01-13,0,0,1,0,0,0,0,0,0,0,0,0,0,0,0,0,0,0,0,0,93
EPI_ISL_413809,2020-02,0,0,0,1,2,0,0,0,1,0,0,0,0,1,0,0,1,0,0,0,51
EPI_ISL_408010,2020-01-29,0,0,1,0,1,0,0,0,0,0,1,0,0,1,0,0,0,0,0,0,23
EPI_ISL_412980,2020-01-18,0,0,1,1,2,0,0,0,1,0,0,0,0,1,0,0,1,0,0,0,63
EPI_ISL_412982,2020-02-07,0,0,1,0,2,1,0,0,1,0,1,0,0,1,0,0,1,0,0,0,70
EPI_ISL_412975,2020-02-28,0,0,0,1,4,0,0,0,0,0,0,0,0,2,0,0,0,0,0,0,127
EPI_ISL_412978,2020-01-17,0,0,1,0,2,0,0,0,1,0,1,0,0,1,0,0,1,0,0,0,61
EPI_ISL_412979,2020-01-18,0,0,0,0,1,0,0,0,1,0,0,0,0,0,0,0,1,0,0,0,57
EPI_ISL_408009,2020-01-29,0,0,0,1,2,0,0,0,0,0,0,0,0,2,0,0,0,1,0,0,24
EPI_ISL_408008,2020-01-29,0,0,0,1,2,0,0,0,0,0,0,0,0,2,0,0,0,1,0,0,24
EPI_ISL_416457,2020-03-18,0,0,1,0,3,1,0,0,0,0,1,0,1,1,0,0,0,0,0,0,127
EPI_ISL_415128,2020-02-29,1,0,0,0,6,1,0,0,0,0,0,0,1,5,0,0,0,0,0,1,149
EPI_ISL_407988,2020-02-01,0,0,0,0,1,0,0,0,0,0,0,0,0,1,0,0,0,0,0,0,61
EPI_ISL_407987,2020-01-25,0,1,0,0,0,0,0,0,0,0,0,0,0,0,0,1,0,0,0,0,60
EPI_ISL_415591,2020-03-10,0,0,0,0,4,0,0,0,1,0,0,0,0,2,0,0,1,0,0,0,40
EPI_ISL_415592,2020-03-09,0,0,0,0,5,0,0,0,1,1,0,0,0,3,0,0,1,0,1,0,204
EPI_ISL_416440,2020-03-10,0,0,0,0,4,0,0,0,1,0,0,0,0,2,0,0,1,0,0,0,172
EPI_ISL_415594,2020-03-10,0,0,0,0,6,0,0,0,1,0,0,0,0,3,0,0,1,0,0,0,39
EPI_ISL_416445,2020-03-10,0,0,0,0,4,0,0,0,1,0,0,0,0,2,0,0,1,0,0,0,45
EPI_ISL_415597,2020-03-10,0,0,1,0,3,1,0,0,0,0,1,0,1,1,0,0,0,0,0,0,25
EPI_ISL_416446,2020-03-10,0,0,0,0,7,0,0,0,1,0,0,0,0,3,0,0,1,0,0,0,101
EPI_ISL_415596,2020-03-09,0,0,1,0,4,0,0,0,1,0,1,0,0,2,0,0,1,0,0,0,82
EPI_ISL_416444,2020-03-10,0,0,0,0,6,0,0,0,1,0,0,0,0,4,0,0,1,0,0,0,114
EPI_ISL_416447,2020-03-10,0,0,2,0,4,0,0,0,1,0,2,0,0,2,0,0,1,0,0,0,97
EPI_ISL_416448,2020-03-11,0,0,0,0,4,0,0,0,1,0,0,0,0,2,0,0,1,0,0,0,83
EPI_ISL_416470,2020-03-02,0,0,2,0,5,0,0,0,0,0,1,0,0,1,0,0,0,0,0,0,66
EPI_ISL_416471,2020-03-02,0,0,1,3,4,0,0,0,0,0,1,0,0,2,0,0,0,2,0,0,67
EPI_ISL_416474,2020-01-28,0,0,1,0,0,0,0,0,0,0,1,0,0,0,0,0,0,0,0,0,66
EPI_ISL_416475,2020-03-03,0,1,1,3,3,0,0,0,0,0,1,0,0,1,0,1,0,2,0,0,67
EPI_ISL_416472,2020-03-02,0,0,1,3,3,0,0,0,0,0,1,0,0,1,0,0,0,2,0,0,66
EPI_ISL_416473,2020-01-26,0,0,0,0,2,0,0,0,1,0,0,0,0,1,0,0,1,0,0,0,77
EPI_ISL_416478,2020-03-14,0,0,1,0,5,1,0,0,0,0,1,0,1,2,0,0,0,0,0,0,78
EPI_ISL_416479,2020-03-05,0,0,1,1,2,1,0,0,0,0,1,0,1,0,0,0,0,0,0,0,77
EPI_ISL_416476,2020-03-02,0,1,5,3,4,0,0,0,0,0,4,0,0,2,0,1,0,2,0,0,73
EPI_ISL_416477,2020-03-08,0,0,0,2,4,1,0,0,1,0,0,0,1,3,0,0,1,1,0,0,77
EPI_ISL_416467,2020-03-02,0,1,4,3,5,0,0,0,0,0,2,0,0,3,0,1,0,2,0,0,72
EPI_ISL_416468,2020-03-02,0,1,1,3,3,0,0,0,0,0,1,0,0,1,0,1,0,2,0,0,67
EPI_ISL_416469,2020-03-03,0,0,3,0,6,0,0,0,0,0,2,0,0,3,0,0,0,0,0,0,68
EPI_ISL_416492,2020-03-15,0,0,1,0,6,1,0,0,0,0,1,0,1,5555,0,0,0,0,0,0,58
EPI_ISL_416493,2020-03-08,0,0,1,0,3,0,0,0,0,0,1,0,0,1,0,0,0,0,0,0,26
EPI_ISL_416491,2020-03-15,0,0,1,0,5,1,0,0,0,0,1,0,1,2941,0,0,0,0,0,0,68
EPI_ISL_417344,2020-03-13,0,0,0,0,4,0,0,1,1,0,0,0,0,2,0,0,1,0,0,0,21
EPI_ISL_417342,2020-03-13,0,0,1,0,3,1,0,0,0,0,1,0,1,1,0,0,0,0,0,0,38
EPI_ISL_417349,2020-03-12,0,0,0,0,8,0,0,0,1,0,0,0,0,4,0,0,1,0,0,0,67
EPI_ISL_416481,2020-03-16,0,0,1,0,3,0,0,0,0,0,1,0,0,1,0,0,0,0,0,0,74
EPI_ISL_416482,2020-03-13,0,0,2,0,2,0,0,0,0,0,2,0,0,0,0,0,0,0,0,0,75
EPI_ISL_415151,2020-03-04,0,0,0,2,3,1,0,0,1,0,0,0,1,2,0,0,1,1,0,0,150
EPI_ISL_416480,2020-03-11,0,0,1,0,2,1,0,0,0,0,1,0,1,2,0,0,0,0,0,0,73
EPI_ISL_415153,2020-03-03,0,0,2,1,7,0,0,0,0,0,1,0,0,5,0,0,0,1,0,0,71
EPI_ISL_415155,2020-03-01,0,0,2,1,5,0,0,0,0,0,2,0,0,3,0,0,0,1,0,0,69
EPI_ISL_415154,2020-03-01,0,0,3,0,3,0,0,0,0,0,2,0,0,1,0,0,0,0,0,0,67
EPI_ISL_416484,2020-02-27,0,0,0,2,3,3,0,0,1,0,0,0,3,2,0,0,1,1,0,0,130
EPI_ISL_415157,2020-03-01,0,0,3,3,2,0,0,0,0,0,2,0,0,0,0,0,0,2,0,0,69
EPI_ISL_416489,2020-03-15,0,0,1,1,5,0,0,0,0,1,1,0,0,2940,0,0,0,1,1,0,40
EPI_ISL_415156,2020-03-01,0,0,1,0,3,0,0,0,0,0,1,0,0,1,0,0,0,0,0,0,65
EPI_ISL_415159,2020-02-29,0,0,7,0,4,1,0,0,0,0,5,0,1,1,0,0,0,0,0,0,73
EPI_ISL_416487,2020-03-04,0,0,0,2,3,1,0,0,1,0,0,0,1,2,0,0,1,1,0,0,128
EPI_ISL_415158,2020-03-01,0,0,1,3,4,0,0,0,0,0,1,0,0,2,0,0,0,2,0,0,69
EPI_ISL_416488,2020-03-03,0,0,0,0,2,0,0,0,0,0,0,0,0,2,0,0,0,0,0,0,3
EPI_ISL_417361,2020-03-14,0,0,0,0,5,0,0,0,1,0,0,0,0,2,0,0,1,0,0,0,45
EPI_ISL_416031,2020-03-04,0,0,1,0,2,0,0,0,0,0,1,0,0,0,0,0,0,0,0,0,41
EPI_ISL_416034,2020-03-04,0,0,1,3,4,0,0,0,0,0,1,0,0,2,0,0,0,2,0,0,42
EPI_ISL_416035,2020-03-05,0,0,1,3,3,0,0,0,0,0,1,0,0,0,0,0,0,2,0,0,21
EPI_ISL_416032,2020-03-04,0,0,0,0,2,1,0,0,0,0,0,0,1,2,0,0,0,0,0,0,39
EPI_ISL_417363,2020-03-14,0,0,0,0,6,0,1,0,1,0,0,0,0,4,0,0,1,0,0,0,40
EPI_ISL_416033,2020-03-03,0,0,0,0,2,0,0,0,0,0,0,0,0,2,0,0,0,0,0,0,39
EPI_ISL_416036,2020-03-05,0,0,3,3,2,0,0,0,0,0,695,0,0,0,0,0,0,2,0,0,63
EPI_ISL_417368,2020-03-13,0,0,0,0,6,0,1,0,1,0,0,0,0,3,1,0,1,0,0,0,48
EPI_ISL_410721,2019,2,45,593,48,2061,56,8,24,28,1,142,6,12,914,2,5,8,10,1,0,2915
EPI_ISL_410720,2020-01-23,0,0,1,0,0,1,0,0,0,0,1,0,1,0,0,0,0,0,0,0,31
EPI_ISL_412900,2019-12-30,0,0,2,1,2676,0,0,0,0,0,1,0,0,5717,0,0,0,1,0,0,727
EPI_ISL_416024,2020-03-11,0,0,0,0,2,0,0,0,0,0,0,0,0,1,0,0,0,0,0,0,125
EPI_ISL_410719,2020-02-02,0,0,0,0,2,0,0,0,0,4231,0,0,0,2,0,0,0,0,1411,0,60
EPI_ISL_410718,2020-02-05,0,0,0,1,1,0,0,0,1,0,0,0,0,0,0,0,1,1,0,0,42
EPI_ISL_410717,2020-02-05,0,0,0,1,2,0,0,0,1,0,0,0,0,1,0,0,1,1,0,0,43
EPI_ISL_417353,2020-03-13,0,0,2,0,4,0,0,0,1,0,2,0,0,2,0,0,1,0,0,0,45
EPI_ISL_410716,2020-02-04,0,0,0,0,1,1,0,0,0,0,0,0,1,0,0,0,0,0,0,0,16
EPI_ISL_416028,2020-03-03,0,1,1,3,2,0,0,0,0,0,1,0,0,0,0,1,0,2,0,0,45
EPI_ISL_410715,2020-02-04,0,0,0,0,1,1,0,0,0,0,0,0,1,0,0,0,0,0,0,0,14
EPI_ISL_417359,2020-03-14,0,0,1,0,4,1,0,0,0,0,1,0,1,1,0,0,0,0,0,0,15
EPI_ISL_410714,2020-02-03,0,0,1,0,0,1,0,0,0,0,0,0,1,0,0,0,0,0,0,0,147
EPI_ISL_417356,2020-03-13,0,0,0,0,4,0,2,0,1,0,0,0,0,2,0,0,1,0,0,0,92
EPI_ISL_410713,2020-01-27,0,0,0,1,0,1,0,0,0,0,0,0,1,0,0,0,0,0,0,0,14
EPI_ISL_416029,2020-03-04,0,0,1,3,3,0,0,0,0,0,1,0,0,0,0,0,0,2,0,0,45
EPI_ISL_406223,2020-01-22,0,0,0,1,2,0,0,0,1,0,0,0,0,1,0,0,1,0,0,0,25
EPI_ISL_415520,2020,0,0,2,0,2,0,0,0,0,0,1,0,0,0,0,0,0,0,0,0,122
EPI_ISL_415521,2020,0,0,0,0,6,0,0,0,0,0,0,0,0,3,0,0,0,0,0,0,123
EPI_ISL_415524,2020-03-12,0,0,0,0,5,0,0,0,0,0,0,0,0,2,0,0,0,0,0,0,122
EPI_ISL_415523,2020,0,1,1,3,2,0,0,0,0,0,1,0,0,0,0,1,0,2,0,0,125
EPI_ISL_415526,2020-03-10,0,0,0,1,2,0,0,0,1,0,0,0,0,1,0,0,1,1,0,0,122
EPI_ISL_415525,2020-03-12,0,0,1,0,5,0,0,0,0,0,1,0,0,3,0,0,0,0,0,0,124
EPI_ISL_415517,2020,0,0,0,0,6,0,0,0,0,0,0,0,0,1,0,0,0,0,0,0,123
EPI_ISL_415516,2020-03-11,0,0,0,0,7,0,0,0,1,0,0,0,0,5,0,0,1,0,0,0,125
EPI_ISL_415519,2020,0,0,0,0,6,0,0,0,0,0,0,0,0,1,0,0,0,0,0,0,123
EPI_ISL_415518,2020,0,0,2,0,2,0,0,0,0,0,1,0,0,0,0,0,0,0,0,0,122
EPI_ISL_415511,2020-03-09,0,1,2,3,2,0,0,0,0,0,2,0,0,0,0,1,0,2,0,0,126
EPI_ISL_414663,2020-02-25,0,0,0,0,1,0,0,0,1,0,0,0,0,0,0,0,1,0,0,0,45
EPI_ISL_415510,2020-03-09,0,0,0,0,9,0,0,0,0,0,0,0,0,2,0,0,0,0,0,0,126
EPI_ISL_415512,2020-03-09,0,0,0,0,5,1,0,0,0,0,0,0,1,4,0,0,0,0,0,0,123
EPI_ISL_415515,2020-03-11,0,0,1,0,3,0,0,0,0,0,1,0,0,1,0,0,0,0,0,0,122
EPI_ISL_415514,2020-03-11,0,1,1,3,2,0,0,0,0,0,1,0,0,0,0,1,0,2,0,0,125
EPI_ISL_415506,2020-03-11,0,0,0,0,8,0,0,0,0,0,0,0,0,3,0,0,0,0,0,0,125
EPI_ISL_415505,2020-03-11,0,0,0,0,5,0,0,0,0,0,0,0,0,1,0,0,0,0,0,0,122
EPI_ISL_415508,2020-03-09,0,0,0,0,8,0,0,0,0,0,0,0,0,3,0,0,0,0,0,0,125
EPI_ISL_415507,2020,0,0,0,0,4,0,0,0,0,0,0,0,0,1,0,0,0,0,0,0,121
EPI_ISL_415509,2020,0,0,0,0,6,0,0,0,0,0,0,0,0,3,0,0,0,0,0,0,123
EPI_ISL_414691,2020-02-25,0,0,0,0,1,0,0,0,1,0,0,0,0,0,0,0,1,0,0,0,92
EPI_ISL_414690,2020-02-25,0,0,0,0,1,0,0,0,1,0,0,0,0,0,0,0,1,0,0,0,47
EPI_ISL_412030,2020-02-01,0,0,0,0,1,0,0,0,0,0,0,0,0,1,0,0,0,0,0,0,62
EPI_ISL_414692,2020-02-25,0,0,0,0,3,0,0,0,0,0,0,0,0,2,0,0,0,0,0,0,45
EPI_ISL_415542,2020-03-13,0,0,0,0,4,0,0,0,1,0,0,0,0,2,0,0,1,0,0,0,5
EPI_ISL_415541,2020-03-13,0,0,0,0,4,0,0,0,1,0,0,0,0,2,0,0,1,0,0,0,5
EPI_ISL_415544,2020-03-13,0,0,1,0,4,1,0,0,0,0,1,0,1,1,0,0,0,0,0,0,7
EPI_ISL_415543,2020-03-13,0,0,1,0,4,1,0,0,0,0,1,0,1,1,0,0,0,0,0,0,7
EPI_ISL_415539,2020-03-13,1,0,0,0,2,0,0,0,0,0,0,0,0,2,0,0,0,0,0,0,3
EPI_ISL_412029,2020-01-30,0,0,0,0,1,1,0,0,0,0,0,0,1,1,0,0,0,0,0,0,112
EPI_ISL_404895,2020-01-19,0,0,0,0,2,0,0,0,1,0,0,0,0,1,0,0,1,0,0,0,24
EPI_ISL_415531,2020-03-09,0,0,1,0,3,0,0,0,0,0,1,0,0,3,0,0,0,0,0,0,121
EPI_ISL_415530,2020-03-09,0,1,2,3,2,0,0,0,0,0,2,0,0,0,0,1,0,2,0,0,126
EPI_ISL_415533,2020-03-09,0,1,1,3,2,0,0,0,0,0,1,0,0,0,0,1,0,2,0,0,125
EPI_ISL_415532,2020-03-09,0,0,2,4,2,0,0,0,0,0,2,0,0,0,0,0,0,3,0,0,126
EPI_ISL_415535,2020-03-12,0,0,2,1,3,0,0,0,0,0,1,0,0,0,0,0,0,1,0,0,124
EPI_ISL_414688,2020-02-25,1,0,0,1,1,0,0,0,3,0,0,0,0,0,0,0,3,0,0,1,54
EPI_ISL_415534,2020-03-11,0,0,4,0,3,0,0,0,0,0,2,0,0,1,0,0,0,0,0,0,125
EPI_ISL_412026,2020-02-23,0,0,0,0,0,0,0,0,0,0,0,0,0,0,0,0,0,0,0,0,33
EPI_ISL_414689,2020-02-25,0,0,0,0,1,0,0,0,1,0,0,0,0,0,0,0,1,0,0,0,45
EPI_ISL_416866,2020-02-20,0,1,0,0,0,0,0,0,0,0,0,0,0,0,0,1,0,0,0,0,42
EPI_ISL_415527,2020-03-12,0,0,0,0,5,1,0,0,0,0,0,0,1,4,0,0,0,0,0,0,123
EPI_ISL_415529,2020-03-09,0,1,1,3,2,0,0,0,0,0,1,0,0,0,0,1,0,2,0,0,125
EPI_ISL_416407,2020-02-15,0,0,1,1,5,0,0,0,0,0,1,0,0,5,0,0,0,0,0,0,75
EPI_ISL_416401,2020-02-02,0,0,1,0,1,0,0,0,1,0,0,0,0,0,0,0,1,0,0,0,70
EPI_ISL_416402,2020-02-11,0,0,0,0,2,0,0,0,1,0,0,0,0,0,0,0,1,0,0,0,70
EPI_ISL_416405,2020-02-02,0,0,0,0,1,0,0,0,0,0,0,0,0,0,0,0,0,0,0,0,68
EPI_ISL_416406,2020-02-15,0,0,1,1,8,0,0,0,0,0,1,0,0,8,0,0,0,0,0,0,102
EPI_ISL_416403,2020-02-02,0,0,0,1,2,0,0,0,1,0,0,0,0,1,0,0,1,1,0,0,73
EPI_ISL_416404,2020-02-09,0,0,0,0,0,0,0,0,0,0,0,0,0,0,0,0,0,0,0,0,67
EPI_ISL_416430,2020-03-06,0,0,1,3,2,0,0,0,0,0,1,0,0,0,0,0,0,2,0,0,49
EPI_ISL_416431,2020-03-06,0,0,1,3,2,0,0,0,0,0,1,0,0,0,0,0,0,2,0,0,24
EPI_ISL_416434,2020-03-10,0,0,1,0,4,1,0,0,0,0,1,0,1,2,0,0,0,0,0,0,90
EPI_ISL_416435,2020-03-10,0,1,0,0,6,0,0,0,1,0,0,0,0,4,0,1,1,0,0,0,79
EPI_ISL_416432,2020-03-07,0,0,1,1,3,1,0,0,0,0,1,0,1,2,0,0,0,1,0,0,83
EPI_ISL_416436,2020-03-10,0,0,0,0,6,1,0,0,1,0,0,0,1,2,0,0,1,0,0,0,98
EPI_ISL_416429,2020-02-11,0,1,1,0,3,0,0,0,2,0,0,0,0,1,0,0,2,0,0,0,39
EPI_ISL_416427,2020-01-24,0,1,1,0,1,0,0,0,2,0,0,0,0,0,0,0,2,0,0,0,23
EPI_ISL_416428,2020-03-07,0,0,1,3,2,0,0,0,0,0,1,0,0,0,0,0,0,2,0,0,49
EPI_ISL_416425,2020-02-03,0,0,1,0,3,0,0,1,0,0,0,0,0,0,0,0,0,0,0,0,43
EPI_ISL_416426,2020-03-17,0,0,1,0,3,1,0,0,0,0,1,0,1,1,0,0,0,0,0,0,127
EPI_ISL_403935,2020-01-15,0,0,0,1,1,0,0,0,1,0,0,0,0,0,0,0,1,0,0,0,61
EPI_ISL_403936,2020-01-17,0,0,1,0,0,0,0,0,0,0,1,0,0,0,0,0,0,0,0,0,59
EPI_ISL_403933,2020-01-15,0,0,0,1,1,0,0,0,1,0,0,0,0,0,0,0,1,0,0,0,61
EPI_ISL_403934,2020-01-15,0,0,1,0,0,0,0,0,0,0,0,0,0,0,0,0,0,0,0,0,59
EPI_ISL_403937,2020-01-18,0,0,1,0,0,0,0,0,0,0,1,0,0,0,0,0,0,0,0,0,59
EPI_ISL_415920,2020-03-12,0,0,0,1,2,1,0,0,0,0,0,0,1,2,0,0,0,1,0,0,125
EPI_ISL_403928,2020-01-01,0,0,0,0,1,0,0,0,0,0,0,0,0,1,0,0,0,0,0,0,21
EPI_ISL_403929,2019-12-30,0,0,0,0,0,0,0,0,0,0,0,0,0,0,0,0,0,0,0,0,13
EPI_ISL_410218,2020-02-05,0,0,0,0,2,0,0,0,0,0,0,0,0,1,0,0,0,0,0,0,35
EPI_ISL_413729,2020-02,0,0,0,0,1,0,0,0,1,0,0,0,0,0,0,0,1,0,0,0,26
EPI_ISL_403931,2019-12-30,0,0,0,0,0,0,0,0,0,0,0,0,0,0,0,0,0,0,0,0,20
EPI_ISL_403932,2020-01-14,0,0,0,1,1,0,0,0,1,0,0,0,0,0,0,0,1,0,0,0,61
EPI_ISL_403930,2019-12-30,0,0,0,0,1,0,0,0,0,0,0,0,0,1,0,0,0,0,0,0,5
EPI_ISL_413761,2020-02,0,0,0,0,3,0,0,0,1,0,0,0,0,1,0,0,1,0,0,0,56
EPI_ISL_407084,2020-01-25,0,0,0,0,26,0,0,0,0,0,0,0,0,9,0,0,0,0,0,0,57
EPI_ISL_403962,2020-01-08,0,0,0,0,0,0,0,0,0,0,0,0,0,0,0,0,0,0,0,0,55
EPI_ISL_403963,2020-01-13,0,0,0,0,0,0,0,0,0,0,0,0,0,0,0,0,0,0,0,0,44
EPI_ISL_413750,2020-02,0,0,0,0,1,0,0,0,1,0,0,0,0,0,0,0,1,0,0,0,23
EPI_ISL_413751,2020-02,0,0,0,0,1,0,0,0,1,0,0,0,0,0,0,0,1,0,0,0,55
EPI_ISL_413752,2020-02,24,0,41,1,268,45,0,98,1,0,879,42,15,2950,0,0,1,0,0,8,549
EPI_ISL_414600,2020-02-26,0,0,0,0,3,2,0,0,1,0,0,0,2,2,0,0,1,0,0,0,49
EPI_ISL_413753,2020-02,0,0,9,0,2,0,0,0,0,0,3,0,0,1,0,0,0,0,0,0,32
EPI_ISL_412898,2019-12-30,0,0,1,0,0,0,0,0,0,0,0,0,0,0,0,0,0,0,0,0,56
EPI_ISL_413746,2020-02,0,0,0,0,1,0,0,0,1,0,0,0,0,0,0,0,1,0,0,0,53
EPI_ISL_412899,2019-12-30,0,0,0,0,0,0,0,0,0,0,0,0,0,0,0,0,0,0,0,0,55
EPI_ISL_413748,2020-02,0,0,0,0,1,0,0,0,1,0,0,0,0,0,0,0,1,0,0,0,54
EPI_ISL_413749,2020-02,0,0,0,0,3,0,0,0,1,0,0,0,0,2,0,0,1,0,0,0,45
EPI_ISL_414635,2020-03-04,0,0,1,0,4,1,0,0,0,0,1,0,1,2,0,0,0,0,0,0,8
EPI_ISL_416830,2020-03-16,0,0,1,0,3,1,0,0,0,0,1,0,1,1,0,0,0,0,0,0,6
EPI_ISL_416831,2020-03-16,0,0,1,0,3,1,0,0,0,0,1,0,1,0,0,0,0,0,0,0,6
EPI_ISL_415500,2020-03-10,0,0,0,0,5,0,0,1,0,0,0,1,0,2,0,0,0,0,0,0,123
EPI_ISL_415502,2020-03-09,0,1,1,3,2,0,0,0,0,0,1,0,0,0,0,1,0,2,0,0,125
EPI_ISL_415501,2020-03-11,0,0,0,0,5,0,0,0,0,0,0,0,0,2,0,0,0,0,0,0,122
EPI_ISL_416832,2020-03-16,0,0,1,0,2,0,0,0,0,0,1,0,0,0,0,0,0,0,0,0,4
EPI_ISL_415503,2020-03-11,0,0,1,2,5,1,0,0,1,0,1,0,1,4,0,0,1,1,0,0,127
EPI_ISL_416829,2020-02-20,0,2,0,0,1,0,0,0,0,0,0,0,0,1,0,1,0,0,0,0,39
EPI_ISL_413791,2020-02,0,0,1,0,4,0,0,0,1,0,1,0,0,1,0,0,1,0,0,0,51
EPI_ISL_412459,2020-01-08,1,0,0,0,1,0,0,0,3,0,0,0,0,1,0,0,2,0,0,1,60
EPI_ISL_414636,2020-03-04,0,0,1,0,5,2,0,0,0,0,1,0,1,3,0,0,0,0,0,0,12
EPI_ISL_414638,2020-03-04,0,0,1,0,4,1,0,0,0,0,1,0,1,2,0,0,0,0,0,0,7
EPI_ISL_417020,2020-03-15,0,0,2,1,3,1,0,0,0,0,2,0,1,1,0,0,0,1,0,0,129
EPI_ISL_417021,2020-03-15,0,0,1,4,4,0,0,0,0,0,1,0,0,1,0,0,0,3,0,0,131
EPI_ISL_417025,2020-03-15,0,0,0,0,5,1,0,0,0,0,0,0,1,4,0,0,0,0,0,0,127
EPI_ISL_417022,2020-03-15,0,0,1,4,4,0,0,0,0,0,1,0,0,1,0,0,0,3,0,0,131
EPI_ISL_417023,2020-03-15,0,0,2,4,4,0,0,0,0,0,2,0,0,1,0,0,0,3,0,0,132
EPI_ISL_417028,2020-03-20,0,0,0,0,6,0,0,0,1,0,0,0,0,2,0,0,1,0,0,0,8
EPI_ISL_417010,2020-03-04,0,0,1,0,3,0,0,0,0,0,1,0,0,1,0,0,0,0,0,0,127
EPI_ISL_417014,2020-03-13,0,1,1,3,3,0,0,0,0,0,1,0,0,1,0,1,0,2,0,0,130
EPI_ISL_417017,2020-03-14,0,0,0,0,6,1,0,0,0,0,0,0,1,5,0,0,0,0,0,0,128
EPI_ISL_417018,2020-03-14,0,0,1,0,6,1,0,0,0,0,1,0,1,1,0,0,0,0,0,0,130
EPI_ISL_417015,2020-03-13,0,0,1,3,4,0,0,0,0,0,1,0,0,1,0,0,0,2,0,0,130
EPI_ISL_417016,2020-03-13,0,1,2,0,3,0,0,0,0,0,2,0,0,0,0,1,0,0,0,0,128
EPI_ISL_417019,2020-03-14,0,1,1,0,4,0,0,0,0,0,1,0,0,0,0,1,0,0,0,0,128
EPI_ISL_407214,2020-01-25,0,0,0,0,2,0,0,0,1,0,0,0,0,1,0,0,1,0,0,0,24
EPI_ISL_407215,2020-01-25,0,0,0,0,2,0,0,0,1,0,0,0,0,1,0,0,1,0,0,0,24
EPI_ISL_417031,2020-03-11,0,0,1,0,4,0,0,0,1,0,0,0,0,2,0,0,1,0,0,0,45
EPI_ISL_417032,2020-03-11,0,0,1,0,2,0,0,0,0,0,1,0,0,0,0,0,0,0,0,0,43
EPI_ISL_417030,2020-01-24,0,0,0,1,3,0,0,0,1,0,0,0,0,2,0,0,1,0,0,0,126
EPI_ISL_417033,2020-03-11,0,0,1,1,3,0,0,0,0,0,1,0,0,2,0,0,0,1,0,0,43
EPI_ISL_417034,2020-03-16,0,1,0,2,4,1,0,0,1,0,0,0,1,3,0,0,1,1,0,0,123
EPI_ISL_417064,2020-01-21,0,0,0,1,0,0,0,0,0,0,0,0,0,0,0,0,0,0,0,0,70
EPI_ISL_416570,2020-02-15,0,0,1,0,1,0,0,0,0,0,1,0,0,1,0,0,0,0,0,0,118
EPI_ISL_416573,2020-02-15,0,0,0,0,1,0,0,0,0,0,0,0,0,1,0,0,0,0,0,0,72
EPI_ISL_416574,2020-02-15,0,0,0,0,1,0,0,0,0,0,0,0,0,1,0,0,0,0,0,0,32
EPI_ISL_416571,2020-02-15,0,0,0,0,2,0,0,0,0,0,0,0,0,2,0,0,0,0,0,0,73
EPI_ISL_416572,2020-02-15,0,0,0,0,1,0,0,0,0,0,0,0,0,1,0,0,0,0,0,0,72
EPI_ISL_416577,2020-02-15,0,0,0,0,1,0,0,0,0,0,0,0,0,1,0,0,0,0,0,0,32
EPI_ISL_416578,2020-02-15,0,0,0,0,2,0,0,0,0,0,0,0,0,2,0,0,0,0,0,0,73
EPI_ISL_416575,2020-02-15,0,0,0,0,1,0,0,0,0,0,0,0,0,1,0,0,0,0,0,0,72
EPI_ISL_416576,2020-02-15,0,0,0,0,1,0,0,0,0,0,0,0,0,1,0,0,0,0,0,0,72
EPI_ISL_416579,2020-02-15,0,0,1,0,2,0,0,0,0,0,1,0,0,2,0,0,0,0,0,0,74
EPI_ISL_414380,2020-02-19,0,0,0,0,1,0,0,0,12175,0,0,0,0,0,0,0,4059,0,0,0,441
EPI_ISL_417410,2020-03-16,0,0,0,0,4,1,0,0,0,0,0,0,1,4,0,0,0,0,0,0,499
EPI_ISL_416566,2020-02-15,0,0,0,1,2,0,0,0,0,0,0,0,0,1,0,0,0,1,0,0,75
EPI_ISL_416567,2020-02-15,0,0,0,0,3,0,0,0,0,2,0,0,0,1,0,0,0,0,31,0,97
EPI_ISL_417411,2020-03-17,0,0,2,0,3,1,0,0,0,0,1,0,1,1,0,0,0,0,0,0,500
EPI_ISL_416565,2020-02-15,0,0,0,0,2,0,0,0,0,0,0,0,0,2,0,0,0,0,0,0,140
EPI_ISL_417412,2020-03-17,0,0,0,0,3,0,0,0,0,0,0,0,0,3,0,0,0,0,0,0,497
EPI_ISL_416569,2020-02-15,0,0,0,0,1,0,0,0,0,0,0,0,0,1,0,0,0,0,0,0,72
EPI_ISL_417408,2020-03-17,0,0,1,0,6,1,0,0,0,0,1,0,1,5,0,0,0,0,0,0,502
EPI_ISL_417409,2020-03-16,0,0,0,1,5,1,0,0,0,0,0,0,1,4,0,0,0,1,0,0,501
EPI_ISL_416591,2020-02-16,0,0,1,0,1,0,0,0,0,0,0,0,0,1,0,0,0,0,0,0,33
EPI_ISL_416592,2020-02-16,0,0,0,0,1,0,0,0,0,0,0,0,0,1,0,0,0,0,0,0,69
EPI_ISL_416590,2020-02-16,0,0,0,0,1,0,0,0,0,0,0,0,0,1,0,0,0,0,0,0,138
EPI_ISL_416595,2020-02-16,0,0,0,0,1,0,0,0,0,0,0,0,0,1,0,0,0,0,0,0,71
EPI_ISL_416596,2020-02-16,0,0,0,0,1,0,0,0,0,0,0,0,0,1,0,0,0,0,0,0,115
EPI_ISL_416593,2020-02-16,0,0,0,0,2,0,0,0,0,0,0,0,0,2,0,0,0,0,0,0,115
EPI_ISL_416594,2020-02-16,0,0,0,0,1,0,0,0,0,0,0,0,0,1,0,0,0,0,0,0,115
EPI_ISL_416599,2020-02-16,0,0,0,0,2,0,0,0,0,0,0,0,0,1,0,0,0,0,0,0,81
EPI_ISL_416597,2020-02-16,0,0,0,0,1,0,0,0,0,0,0,0,0,1,0,0,0,0,0,0,74
EPI_ISL_416598,2020-02-16,0,0,0,0,1,0,0,0,0,1,0,0,0,1,0,0,0,0,1,0,75
EPI_ISL_406798,2019-12-26,0,0,0,0,2,0,0,0,0,0,0,0,0,2,0,0,0,0,0,0,39
EPI_ISL_408977,2020-01-25,0,0,0,0,0,1,0,0,0,0,0,0,1,0,0,0,0,0,0,0,122
EPI_ISL_408976,2020-01-22,0,0,0,1,1,0,0,0,0,0,0,0,0,1,0,0,0,0,0,0,164
EPI_ISL_416580,2020-02-15,0,0,0,0,1,0,0,0,0,0,0,0,0,1,0,0,0,0,0,0,72
EPI_ISL_416581,2020-02-15,0,0,0,0,2,1,0,0,0,0,0,0,1,1,0,0,0,0,0,0,74
EPI_ISL_416584,2020-02-15,0,0,0,0,3,0,0,0,0,0,0,0,0,2,0,0,0,0,0,0,34
EPI_ISL_416585,2020-02-16,0,0,0,0,2,0,0,0,0,0,0,0,0,2,0,0,0,0,0,0,70
EPI_ISL_416582,2020-02-15,0,0,0,0,2,0,0,0,0,1,0,0,0,2,0,0,0,0,1,0,76
EPI_ISL_416583,2020-02-15,0,0,0,0,2,0,0,0,0,0,0,0,0,1,0,0,0,0,0,0,93
EPI_ISL_416588,2020-02-16,0,0,0,0,16,0,0,0,0,1,0,0,0,6,0,0,0,0,1,0,154
EPI_ISL_416589,2020-02-16,0,0,1,0,2,0,0,0,0,10,1,0,0,2,0,0,0,0,4,0,96
EPI_ISL_416586,2020-02-16,0,0,0,0,1,0,0,0,0,0,0,0,0,1,0,0,0,0,0,0,71
EPI_ISL_416587,2020-02-16,0,0,0,0,2,0,0,0,0,1,0,0,0,1,0,0,0,0,1,0,117
EPI_ISL_408515,2020-01-01,0,0,0,1,1,0,0,0,0,0,0,0,0,1,0,0,0,1,0,0,15
EPI_ISL_408514,2020-01-01,0,0,0,0,0,0,0,0,0,0,0,0,0,0,0,0,0,0,0,0,14
EPI_ISL_416153,2020-03-02,0,0,1,0,4,0,0,0,0,0,1,0,0,2,0,0,0,0,0,0,73
EPI_ISL_417007,2020-03-07,0,0,1,0,3,0,0,0,0,0,1,0,0,1,0,0,0,0,0,0,127
EPI_ISL_417004,2020-03-05,0,0,1,3,2,0,0,0,0,0,1,0,0,0,0,0,0,2,0,0,128
EPI_ISL_417008,2020-03-07,0,0,3,0,4,1,0,0,0,1,2,0,1,3,0,0,0,0,1,0,130
EPI_ISL_417009,2020-03-07,0,0,1,0,4,1,0,0,0,1,1,0,1,3,0,0,0,0,1,0,128
EPI_ISL_416140,2020-03-02,0,0,2,3,5,0,0,0,0,0,1,0,0,3,0,0,0,2,0,0,82
EPI_ISL_416141,2020-03-03,0,0,1,0,2,0,0,0,0,0,1,0,0,0,0,0,0,0,0,0,72
EPI_ISL_416144,2020-03-01,0,0,1,0,3,0,0,0,0,0,1,0,0,1,0,0,0,0,0,0,71
EPI_ISL_416143,2020-02-28,0,0,1,0,3,0,0,0,0,0,1,0,0,1,0,0,0,0,0,0,67
EPI_ISL_405839,2020-01-11,0,0,0,1,3,0,0,0,1,0,0,0,0,1,0,0,1,0,0,0,17
EPI_ISL_415641,2020-02-27,0,0,0,0,2,1,0,0,0,0,0,0,1,2,0,0,0,0,0,0,59
EPI_ISL_415643,2020-03-10,0,0,0,0,3,1,0,0,0,0,0,0,1,3,0,0,0,0,0,0,94
EPI_ISL_415642,2020-03-10,0,0,1,0,2,0,0,0,0,0,1,0,0,0,0,0,0,0,0,0,93
EPI_ISL_415646,2020-03-03,0,0,3,0,2,0,0,0,0,0,2,0,0,0,0,0,0,0,0,0,76
EPI_ISL_413459,2020-02-20,0,0,0,0,1,0,0,0,0,1,0,0,0,1,0,0,0,0,1,0,270
EPI_ISL_413455,2020-02-28,0,0,0,0,4,0,0,0,1,0,0,0,0,2,0,0,1,0,0,0,14
EPI_ISL_413458,2020-03-01,0,0,0,0,5,0,0,0,1,0,0,0,0,2,0,0,1,0,0,0,6
EPI_ISL_415627,2020-03-09,0,0,0,0,6,1,0,0,1,0,0,0,1,3,0,0,1,0,0,0,40
EPI_ISL_415626,2020-03-10,0,0,0,0,8,0,0,0,1,0,0,0,0,4,0,0,1,0,0,0,46
EPI_ISL_415661,2020-03-08,0,0,0,2,3,1,0,0,1,0,0,0,1,2,0,0,1,1,0,0,184
EPI_ISL_415660,2020-03-07,0,0,0,2,3,1,0,0,1,0,0,0,1,2,0,0,1,1,0,0,178
EPI_ISL_413485,2020-01-24,0,0,0,0,7,0,0,0,1,0,0,0,0,2943,0,0,1,0,0,0,50
EPI_ISL_413486,2020-03-01,0,0,1,0,6,0,0,0,1,0,1,0,0,4,0,0,1,0,0,0,179
EPI_ISL_416994,2020-03-04,0,0,0,2,4,1,0,0,1,0,0,0,1,3,0,0,1,1,0,0,130
EPI_ISL_413489,2020-03-03,0,0,1,0,3,0,0,0,0,0,1,0,0,1,0,0,0,0,0,0,24
EPI_ISL_415655,2020-03-12,0,0,2,0,5,0,1,0,0,0,2,0,0,2,1,0,0,0,0,0,130
EPI_ISL_415658,2020-03-06,0,0,0,2,3,1,0,0,1,0,0,0,1,2,0,0,1,1,0,0,184
EPI_ISL_415657,2020-03-12,0,0,0,1,4,0,0,0,0,0,0,0,0,4,0,0,0,1,0,0,126
EPI_ISL_415648,2020-03-03,0,0,1,0,5,1,0,0,0,0,1,0,1,3,0,0,0,0,0,0,67
EPI_ISL_413022,2020-02-29,0,0,1,3,2,0,0,0,0,0,1,0,0,0,0,0,0,2,0,0,65
EPI_ISL_413023,2020-02-29,0,0,2,3,3,0,0,0,0,0,2,0,0,0,0,0,0,2,0,0,124
EPI_ISL_413025,2020-02-27,0,0,0,0,5,1,0,0,0,0,0,0,1,4,0,0,0,0,0,0,13
EPI_ISL_413019,2020-02-26,0,1,1,0,6,1,0,0,0,0,1,0,1,4,0,0,0,0,0,0,36
EPI_ISL_406716,2020-01-02,0,0,0,0,0,0,0,0,0,0,0,0,0,0,0,0,0,0,0,0,22
EPI_ISL_406717,2020-01-02,0,0,0,0,0,0,0,0,0,0,0,0,0,0,0,0,0,0,0,0,22
EPI_ISL_416522,2020-03-10,0,1,1,0,3,1,0,0,0,0,1,0,1,0,0,1,0,0,0,0,31
EPI_ISL_416523,2020-03-14,0,0,1,0,6,1,0,0,0,0,1,0,1,5555,0,0,0,0,0,0,42
EPI_ISL_413014,2020-01-25,0,0,0,1,1,0,0,0,0,0,0,0,0,1,0,0,0,1,0,0,54
EPI_ISL_416521,2020-03-10,0,1,1,0,3,1,0,0,0,0,1,0,1,0,0,1,0,0,0,0,31
EPI_ISL_413015,2020-01-23,1,0,0,1,10,0,0,0,0,0,0,0,0,4,0,0,0,1,0,1,27
EPI_ISL_413018,2020-02-06,0,2,0,0,1,1,0,0,0,0,0,0,1,0,0,2,0,0,0,0,49
EPI_ISL_417402,2020-03-13,0,0,1,0,3,1,0,0,0,0,1,0,1,1,0,0,0,0,0,0,499
EPI_ISL_417403,2020-03-14,0,0,1,1,3,0,0,0,0,0,1,0,0,2,0,0,0,1,0,0,499
EPI_ISL_414378,2020-02-17,0,0,1,0,1,1,0,0,12175,0,1,0,1,0,0,0,4059,0,0,0,444
EPI_ISL_417400,2020-03-10,0,0,1,1,3,0,0,0,0,1,1,0,0,2,0,0,0,1,0,0,500
EPI_ISL_417401,2020-03-13,0,0,1,1,3,0,0,0,0,0,1,0,0,2,0,0,0,1,0,0,499
EPI_ISL_417406,2020-03-11,0,0,0,1,6,0,1,0,0,0,0,0,0,3,0,0,0,0,0,0,502
EPI_ISL_414379,2020-02-18,0,0,0,1,2,0,0,0,12175,0,0,0,0,1,0,0,4059,1,0,0,444
EPI_ISL_417407,2020-03-14,0,0,1,3,2,0,0,0,0,0,1,0,0,0,0,0,0,2,0,0,500
EPI_ISL_417404,2020-03-12,0,0,1,3,3,0,0,0,0,0,1,0,0,0,0,0,0,2,0,0,500
EPI_ISL_417405,2020-03-11,0,0,0,0,3,1,0,0,0,0,0,0,1,3,0,0,0,0,0,0,498
EPI_ISL_416541,2020-03-02,0,0,0,1,6,1,0,0,0,0,0,0,0,5,0,0,0,0,0,0,10
EPI_ISL_414363,2020-03-04,0,0,1,0,4,0,0,0,1,10,0,0,0,2,0,0,1,0,4,0,8
EPI_ISL_415698,2020-02-27,0,0,1,3,3,0,0,0,0,0,1,0,0,1,0,0,0,2,0,0,12
EPI_ISL_416542,2020-03-02,0,0,0,1,3,0,0,0,0,0,0,0,0,3,0,0,0,0,0,0,15
EPI_ISL_414366,2020-03-05,0,0,0,0,4,0,0,0,1,0,0,0,0,2,0,0,1,0,0,0,17
EPI_ISL_414368,2020-03-05,0,0,0,0,4,0,0,0,1,0,0,0,0,2,0,0,1,0,0,0,20
EPI_ISL_415699,2020-02-27,0,0,1,3,3,0,0,0,0,0,1,0,0,1,0,0,0,2,0,0,17
EPI_ISL_411219,2020-01-28,0,0,1,0,0,1,0,0,0,0,1,0,1,0,0,0,0,0,0,0,33
EPI_ISL_411218,2020-02-02,0,0,0,0,3,0,0,0,0,0,0,0,0,3,0,0,0,0,0,0,33
EPI_ISL_411220,2020-01-28,0,0,1,0,0,1,0,0,0,0,1,0,1,0,0,0,0,0,0,0,27
EPI_ISL_407193,2020-01-25,0,0,0,0,3,0,0,0,1,0,0,0,0,1,0,0,1,0,0,0,89
EPI_ISL_415602,2020-03-10,0,0,0,0,5,0,0,0,1,0,0,0,0,2,0,0,1,0,0,0,44
EPI_ISL_415622,2020-03-09,0,0,0,0,5,0,0,0,1,0,0,0,0,3,0,0,1,0,0,0,82
